path,species,stage,source,group_id,split,filename
Dataset 1 кейс/Сорняки/Пырей ползучий/Стеблевание/006495_85871f9c-5bad-49b0-a847-19fa740bb440.jpg,couch_grass,stem_elongation,reference_camera,couch_grass_stem_elongation_g001,train,006495_85871f9c-5bad-49b0-a847-19fa740bb440.jpg
Dataset 1 кейс/Сорняки/Пырей ползучий/Стеблевание/006496_3082f41b-480f-4f51-8299-4d65bf78c989.jpg,couch_grass,stem_elongation,reference_camera,couch_grass_stem_elongation_g001,train,006496_3082f41b-480f-4f51-8299-4d65bf78c989.jpg
Dataset 1 кейс/Сорняки/Пырей ползучий/Стеблевание/006497_37feaae7-6838-459c-a3cb-78c893e07821.jpg,couch_grass,stem_elongation,reference_camera,couch_grass_stem_elongation_g001,train,006497_37feaae7-6838-459c-a3cb-78c893e07821.jpg
Dataset 1 кейс/Сорняки/Пырей ползучий/Стеблевание/006498_a8065d88-0c55-4e17-9e32-9b402e5fbba2.jpg,couch_grass,stem_elongation,reference_camera,couch_grass_stem_elongation_g001,train,006498_a8065d88-0c55-4e17-9e32-9b402e5fbba2.jpg
Dataset 1 кейс/Сорняки/Пырей ползучий/Стеблевание/006499_63d48b47-9fdc-4b0b-a413-61e7a3a4d4f9.jpg,couch_grass,stem_elongation,reference_camera,couch_grass_stem_elongation_g001,train,006499_63d48b47-9fdc-4b0b-a413-61e7a3a4d4f9.jpg
Dataset 1 кейс/Сорняки/Пырей ползучий/Стеблевание/006500_90183837-fac2-49fb-bf08-06a68595551f.jpg,couch_grass,stem_elongation,reference_camera,couch_grass_stem_elongation_g001,train,006500_90183837-fac2-49fb-bf08-06a68595551f.jpg
Dataset 1 кейс/Сорняки/Пырей ползучий/Стеблевание/006501_ef898cfb-02f7-4b82-92a7-31daa8df6afb.jpg,couch_grass,stem_elongation,reference_camera,couch_grass_stem_elongation_g001,train,006501_ef898cfb-02f7-4b82-92a7-31daa8df6afb.jpg
Dataset 1 кейс/Сорняки/Пырей ползучий/Стеблевание/006502_cdc8d041-60da-4b34-a834-909ac436cca7.jpg,couch_grass,stem_elongation,reference_camera,couch_grass_stem_elongation_g001,train,006502_cdc8d041-60da-4b34-a834-909ac436cca7.jpg
Dataset 1 кейс/Сорняки/Пырей ползучий/Стеблевание/006503_acb77fbc-6871-4efd-ac49-c26f1fcaab64.jpg,couch_grass,stem_elongation,reference_camera,couch_grass_stem_elongation_g001,train,006503_acb77fbc-6871-4efd-ac49-c26f1fcaab64.jpg
Dataset 1 кейс/Сорняки/Пырей ползучий/Стеблевание/006504_166e8a14-927a-4a81-b771-a67fd8ecdb17.jpg,couch_grass,stem_elongation,reference_camera,couch_grass_stem_elongation_g001,train,006504_166e8a14-927a-4a81-b771-a67fd8ecdb17.jpg
Dataset 1 кейс/Сорняки/Пырей ползучий/Стеблевание/006505_68519d24-d83b-446b-8099-15b0abe98661.jpg,couch_grass,stem_elongation,reference_camera,couch_grass_stem_elongation_g001,train,006505_68519d24-d83b-446b-8099-15b0abe98661.jpg
Dataset 1 кейс/Сорняки/Пырей ползучий/Стеблевание/006506_dd952b61-4199-4d76-b387-64e2505d5eb1.jpg,couch_grass,stem_elongation,reference_camera,couch_grass_stem_elongation_g001,train,006506_dd952b61-4199-4d76-b387-64e2505d5eb1.jpg
Dataset 1 кейс/Сорняки/Пырей ползучий/Стеблевание/006507_c502c3da-c07c-4fb2-9430-14f0b1964176.jpg,couch_grass,stem_elongation,reference_camera,couch_grass_stem_elongation_g001,train,006507_c502c3da-c07c-4fb2-9430-14f0b1964176.jpg
Dataset 1 кейс/Сорняки/Пырей ползучий/Стеблевание/006508_6821cf77-e995-4ec4-aacc-1c4ddd0b2274.jpg,couch_grass,stem_elongation,reference_camera,couch_grass_stem_elongation_g001,train,006508_6821cf77-e995-4ec4-aacc-1c4ddd0b2274.jpg
Dataset 1 кейс/Сорняки/Пырей ползучий/Стеблевание/006509_bbf7b996-67b7-47c3-9d34-eef62ea0c20f.jpg,couch_grass,stem_elongation,reference_camera,couch_grass_stem_elongation_g001,train,006509_bbf7b996-67b7-47c3-9d34-eef62ea0c20f.jpg
Dataset 1 кейс/Сорняки/Пырей ползучий/Стеблевание/006510_ed83fc7b-7632-4bfe-b55b-e728f18dccba.jpg,couch_grass,stem_elongation,reference_camera,couch_grass_stem_elongation_g001,train,006510_ed83fc7b-7632-4bfe-b55b-e728f18dccba.jpg
Dataset 1 кейс/Сорняки/Пырей ползучий/Стеблевание/006511_0daf8d30-4f0c-487f-b7d9-a1871b460e94.jpg,couch_grass,stem_elongation,reference_camera,couch_grass_stem_elongation_g001,train,006511_0daf8d30-4f0c-487f-b7d9-a1871b460e94.jpg
Dataset 1 кейс/Сорняки/Пырей ползучий/Стеблевание/006512_ea1e87ec-1e4a-4d0c-9158-7f42697dbcc0.jpg,couch_grass,stem_elongation,reference_camera,couch_grass_stem_elongation_g001,train,006512_ea1e87ec-1e4a-4d0c-9158-7f42697dbcc0.jpg
Dataset 1 кейс/Сорняки/Пырей ползучий/Стеблевание/006513_2ad8283f-62a6-4394-b38d-ee07ab336e99.jpg,couch_grass,stem_elongation,reference_camera,couch_grass_stem_elongation_g001,train,006513_2ad8283f-62a6-4394-b38d-ee07ab336e99.jpg
Dataset 1 кейс/Сорняки/Пырей ползучий/Стеблевание/006514_e661efa5-2b6b-4804-8869-43c13b783564.jpg,couch_grass,stem_elongation,reference_camera,couch_grass_stem_elongation_g001,train,006514_e661efa5-2b6b-4804-8869-43c13b783564.jpg
Dataset 1 кейс/Сорняки/Пырей ползучий/Стеблевание/006515_4d29e116-d30d-4537-b6ef-d956c81c36af.jpg,couch_grass,stem_elongation,reference_camera,couch_grass_stem_elongation_g001,train,006515_4d29e116-d30d-4537-b6ef-d956c81c36af.jpg
Dataset 1 кейс/Сорняки/Пырей ползучий/Стеблевание/006516_b04284f9-6a97-4832-b9a1-381c3e3e42a0.jpg,couch_grass,stem_elongation,reference_camera,couch_grass_stem_elongation_g001,train,006516_b04284f9-6a97-4832-b9a1-381c3e3e42a0.jpg
Dataset 1 кейс/Сорняки/Пырей ползучий/Стеблевание/006517_4800ebf1-19b6-42fd-92c4-bbe92e08260c.jpg,couch_grass,stem_elongation,reference_camera,couch_grass_stem_elongation_g001,train,006517_4800ebf1-19b6-42fd-92c4-bbe92e08260c.jpg
Dataset 1 кейс/Сорняки/Пырей ползучий/Стеблевание/006518_34765c90-0160-4b82-bbd2-a1d74cab5027.jpg,couch_grass,stem_elongation,reference_camera,couch_grass_stem_elongation_g001,train,006518_34765c90-0160-4b82-bbd2-a1d74cab5027.jpg
Dataset 1 кейс/Сорняки/Пырей ползучий/Стеблевание/006519_ec545574-0fa8-42ae-a365-48308de7305c.jpg,couch_grass,stem_elongation,reference_camera,couch_grass_stem_elongation_g001,train,006519_ec545574-0fa8-42ae-a365-48308de7305c.jpg
Dataset 1 кейс/Сорняки/Пырей ползучий/Стеблевание/006520_29d2d8cb-faad-4200-a2a1-e9332a852633.jpg,couch_grass,stem_elongation,reference_camera,couch_grass_stem_elongation_g001,train,006520_29d2d8cb-faad-4200-a2a1-e9332a852633.jpg
Dataset 1 кейс/Сорняки/Пырей ползучий/Стеблевание/006521_20cb5931-aaef-40df-be7b-b83e84ef94af.jpg,couch_grass,stem_elongation,reference_camera,couch_grass_stem_elongation_g001,train,006521_20cb5931-aaef-40df-be7b-b83e84ef94af.jpg
Dataset 1 кейс/Сорняки/Пырей ползучий/Стеблевание/006522_74ad659a-c92c-4506-bf2c-1aabecdc4e2a.jpg,couch_grass,stem_elongation,reference_camera,couch_grass_stem_elongation_g001,train,006522_74ad659a-c92c-4506-bf2c-1aabecdc4e2a.jpg
Dataset 1 кейс/Сорняки/Пырей ползучий/Стеблевание/006523_ef0fd8c4-0e06-4655-b120-5662287ebb7e.jpg,couch_grass,stem_elongation,reference_camera,couch_grass_stem_elongation_g001,train,006523_ef0fd8c4-0e06-4655-b120-5662287ebb7e.jpg
Dataset 1 кейс/Сорняки/Пырей ползучий/Стеблевание/006524_0eb5feb9-43dd-4832-a832-5090bca3a16e.jpg,couch_grass,stem_elongation,reference_camera,couch_grass_stem_elongation_g001,train,006524_0eb5feb9-43dd-4832-a832-5090bca3a16e.jpg
Dataset 1 кейс/Сорняки/Пырей ползучий/Стеблевание/006525_eeb495f1-060d-4834-bf16-b2aac6698589.jpg,couch_grass,stem_elongation,reference_camera,couch_grass_stem_elongation_g001,train,006525_eeb495f1-060d-4834-bf16-b2aac6698589.jpg
Dataset 1 кейс/Сорняки/Пырей ползучий/Стеблевание/006526_a4056528-6fbd-4c90-a7e4-d61fea90a134.jpg,couch_grass,stem_elongation,reference_camera,couch_grass_stem_elongation_g001,train,006526_a4056528-6fbd-4c90-a7e4-d61fea90a134.jpg
Dataset 1 кейс/Сорняки/Пырей ползучий/Стеблевание/006527_291d32e5-bdab-405d-a04c-26b744b229a1.jpg,couch_grass,stem_elongation,reference_camera,couch_grass_stem_elongation_g001,train,006527_291d32e5-bdab-405d-a04c-26b744b229a1.jpg
Dataset 1 кейс/Сорняки/Пырей ползучий/Стеблевание/006528_3cc47e27-055f-4e5c-8d9e-0ba20fbdc61b.jpg,couch_grass,stem_elongation,reference_camera,couch_grass_stem_elongation_g001,train,006528_3cc47e27-055f-4e5c-8d9e-0ba20fbdc61b.jpg
Dataset 1 кейс/Сорняки/Пырей ползучий/Стеблевание/006529_dc0a78f0-3084-44e0-ae2d-603820550287.jpg,couch_grass,stem_elongation,reference_camera,couch_grass_stem_elongation_g001,train,006529_dc0a78f0-3084-44e0-ae2d-603820550287.jpg
Dataset 1 кейс/Сорняки/Пырей ползучий/Стеблевание/006530_a93ea79a-f879-49cb-b156-947df7a87d5a.jpg,couch_grass,stem_elongation,reference_camera,couch_grass_stem_elongation_g001,train,006530_a93ea79a-f879-49cb-b156-947df7a87d5a.jpg
Dataset 1 кейс/Сорняки/Пырей ползучий/Стеблевание/006531_ef415300-cb84-440d-95b9-ff983fe63623.jpg,couch_grass,stem_elongation,reference_camera,couch_grass_stem_elongation_g001,train,006531_ef415300-cb84-440d-95b9-ff983fe63623.jpg
Dataset 1 кейс/Сорняки/Пырей ползучий/Стеблевание/006532_37fe26ff-0df7-4414-9e26-03ddb48d13da.jpg,couch_grass,stem_elongation,reference_camera,couch_grass_stem_elongation_g001,train,006532_37fe26ff-0df7-4414-9e26-03ddb48d13da.jpg
Dataset 1 кейс/Сорняки/Пырей ползучий/Стеблевание/006533_c78dcc8f-f953-4487-8640-0b0b39ae98a2.jpg,couch_grass,stem_elongation,reference_camera,couch_grass_stem_elongation_g001,train,006533_c78dcc8f-f953-4487-8640-0b0b39ae98a2.jpg
Dataset 1 кейс/Сорняки/Пырей ползучий/Стеблевание/006534_c1537bdf-7f8b-4f05-bd07-deadfa814132.jpg,couch_grass,stem_elongation,reference_camera,couch_grass_stem_elongation_g001,train,006534_c1537bdf-7f8b-4f05-bd07-deadfa814132.jpg
Dataset 1 кейс/Сорняки/Пырей ползучий/Стеблевание/006535_d26e6dee-bfac-4f98-a0e1-59a09ca92c03.jpg,couch_grass,stem_elongation,reference_camera,couch_grass_stem_elongation_g001,train,006535_d26e6dee-bfac-4f98-a0e1-59a09ca92c03.jpg
Dataset 1 кейс/Сорняки/Пырей ползучий/Стеблевание/006536_4379b112-7eb5-4e2a-8dc2-2bbd11043ea6.jpg,couch_grass,stem_elongation,reference_camera,couch_grass_stem_elongation_g001,train,006536_4379b112-7eb5-4e2a-8dc2-2bbd11043ea6.jpg
Dataset 1 кейс/Сорняки/Пырей ползучий/Стеблевание/006537_410215f6-f97c-4e6e-937b-1b8ffc5fd138.jpg,couch_grass,stem_elongation,reference_camera,couch_grass_stem_elongation_g001,train,006537_410215f6-f97c-4e6e-937b-1b8ffc5fd138.jpg
Dataset 1 кейс/Сорняки/Пырей ползучий/Стеблевание/009615_38820cdc-de07-4f8e-b86c-22a56e4f56df.jpg,couch_grass,stem_elongation,reference_camera,couch_grass_stem_elongation_g002,train,009615_38820cdc-de07-4f8e-b86c-22a56e4f56df.jpg
Dataset 1 кейс/Сорняки/Пырей ползучий/Стеблевание/009616_ebb1aa10-b95c-4785-8d52-18731aaaef99.jpg,couch_grass,stem_elongation,reference_camera,couch_grass_stem_elongation_g002,train,009616_ebb1aa10-b95c-4785-8d52-18731aaaef99.jpg
Dataset 1 кейс/Сорняки/Пырей ползучий/Стеблевание/009617_792d1a8b-1f37-48c0-b4ab-3a57fd3f5131.jpg,couch_grass,stem_elongation,reference_camera,couch_grass_stem_elongation_g002,train,009617_792d1a8b-1f37-48c0-b4ab-3a57fd3f5131.jpg
Dataset 1 кейс/Сорняки/Пырей ползучий/Стеблевание/009618_40f8e7ee-00ad-4ab8-bb6a-3bc53f62d2cd.jpg,couch_grass,stem_elongation,reference_camera,couch_grass_stem_elongation_g002,train,009618_40f8e7ee-00ad-4ab8-bb6a-3bc53f62d2cd.jpg
Dataset 1 кейс/Сорняки/Пырей ползучий/Стеблевание/009619_28081c8c-8337-486e-8168-a4dab89d64ae.jpg,couch_grass,stem_elongation,reference_camera,couch_grass_stem_elongation_g002,train,009619_28081c8c-8337-486e-8168-a4dab89d64ae.jpg
Dataset 1 кейс/Сорняки/Пырей ползучий/Стеблевание/009620_00b815a2-b149-41d4-b275-71b00c65964f.jpg,couch_grass,stem_elongation,reference_camera,couch_grass_stem_elongation_g002,train,009620_00b815a2-b149-41d4-b275-71b00c65964f.jpg
Dataset 1 кейс/Сорняки/Пырей ползучий/Стеблевание/009621_517b109d-2e94-4c74-81dd-6c56a570629e.jpg,couch_grass,stem_elongation,reference_camera,couch_grass_stem_elongation_g002,train,009621_517b109d-2e94-4c74-81dd-6c56a570629e.jpg
Dataset 1 кейс/Сорняки/Пырей ползучий/Стеблевание/009622_a10cbf03-8f9b-41a8-8d93-b277528cc8a2.jpg,couch_grass,stem_elongation,reference_camera,couch_grass_stem_elongation_g002,train,009622_a10cbf03-8f9b-41a8-8d93-b277528cc8a2.jpg
Dataset 1 кейс/Сорняки/Пырей ползучий/Стеблевание/009623_d7b53b19-5a5f-4dc5-a82a-9571ae49d1e7.jpg,couch_grass,stem_elongation,reference_camera,couch_grass_stem_elongation_g002,train,009623_d7b53b19-5a5f-4dc5-a82a-9571ae49d1e7.jpg
Dataset 1 кейс/Сорняки/Пырей ползучий/Стеблевание/009624_c019f3c0-5da7-466b-8e67-fae2f0de7bf6.jpg,couch_grass,stem_elongation,reference_camera,couch_grass_stem_elongation_g002,train,009624_c019f3c0-5da7-466b-8e67-fae2f0de7bf6.jpg
Dataset 1 кейс/Сорняки/Пырей ползучий/Стеблевание/009625_4fb00947-3dd9-4fba-8449-6de836d1eb1a.jpg,couch_grass,stem_elongation,reference_camera,couch_grass_stem_elongation_g002,train,009625_4fb00947-3dd9-4fba-8449-6de836d1eb1a.jpg
Dataset 1 кейс/Сорняки/Пырей ползучий/Стеблевание/009626_e8efc8c3-ca3a-4a92-a3bf-022157845c6b.jpg,couch_grass,stem_elongation,reference_camera,couch_grass_stem_elongation_g002,train,009626_e8efc8c3-ca3a-4a92-a3bf-022157845c6b.jpg
Dataset 1 кейс/Сорняки/Пырей ползучий/Стеблевание/009627_eeaf2c3b-e89e-485c-ab9f-56de9b3f917e.jpg,couch_grass,stem_elongation,reference_camera,couch_grass_stem_elongation_g002,train,009627_eeaf2c3b-e89e-485c-ab9f-56de9b3f917e.jpg
Dataset 1 кейс/Сорняки/Пырей ползучий/Стеблевание/009628_6833bd46-3c17-4a4d-b56a-552078b6fb4f.jpg,couch_grass,stem_elongation,reference_camera,couch_grass_stem_elongation_g002,train,009628_6833bd46-3c17-4a4d-b56a-552078b6fb4f.jpg
Dataset 1 кейс/Сорняки/Пырей ползучий/Стеблевание/009629_11c35bc3-97b7-44b4-9dda-146844a1ff13.jpg,couch_grass,stem_elongation,reference_camera,couch_grass_stem_elongation_g002,train,009629_11c35bc3-97b7-44b4-9dda-146844a1ff13.jpg
Dataset 1 кейс/Сорняки/Пырей ползучий/Стеблевание/009630_35f6b55b-d5e1-4570-8909-643ef3758a30.jpg,couch_grass,stem_elongation,reference_camera,couch_grass_stem_elongation_g002,train,009630_35f6b55b-d5e1-4570-8909-643ef3758a30.jpg
Dataset 1 кейс/Сорняки/Пырей ползучий/Стеблевание/009631_4a430fcc-e5bd-44c8-a572-47dc5d17262f.jpg,couch_grass,stem_elongation,reference_camera,couch_grass_stem_elongation_g002,train,009631_4a430fcc-e5bd-44c8-a572-47dc5d17262f.jpg
Dataset 1 кейс/Сорняки/Пырей ползучий/Стеблевание/009632_1071f47e-c732-494b-af9c-b22ffb4c5878.jpg,couch_grass,stem_elongation,reference_camera,couch_grass_stem_elongation_g002,train,009632_1071f47e-c732-494b-af9c-b22ffb4c5878.jpg
Dataset 1 кейс/Сорняки/Пырей ползучий/Стеблевание/009633_0d1ae8f5-8a77-482c-8e61-2a6000ce7478.jpg,couch_grass,stem_elongation,reference_camera,couch_grass_stem_elongation_g002,train,009633_0d1ae8f5-8a77-482c-8e61-2a6000ce7478.jpg
Dataset 1 кейс/Сорняки/Пырей ползучий/Стеблевание/009634_fc1564a3-abcc-443f-bc77-3ded0d04b4ae.jpg,couch_grass,stem_elongation,reference_camera,couch_grass_stem_elongation_g002,train,009634_fc1564a3-abcc-443f-bc77-3ded0d04b4ae.jpg
Dataset 1 кейс/Сорняки/Пырей ползучий/Стеблевание/009635_7190ca7c-1da6-48df-bb4a-2a48d735a6e8.jpg,couch_grass,stem_elongation,reference_camera,couch_grass_stem_elongation_g002,train,009635_7190ca7c-1da6-48df-bb4a-2a48d735a6e8.jpg
Dataset 1 кейс/Сорняки/Пырей ползучий/Стеблевание/009636_fd562d0c-e0c4-4ec7-882d-fa50d14f6d3f.jpg,couch_grass,stem_elongation,reference_camera,couch_grass_stem_elongation_g002,train,009636_fd562d0c-e0c4-4ec7-882d-fa50d14f6d3f.jpg
Dataset 1 кейс/Сорняки/Пырей ползучий/Стеблевание/009637_10cf76fd-3d26-4078-aa12-6bc1458681ac.jpg,couch_grass,stem_elongation,reference_camera,couch_grass_stem_elongation_g002,train,009637_10cf76fd-3d26-4078-aa12-6bc1458681ac.jpg
Dataset 1 кейс/Сорняки/Пырей ползучий/Стеблевание/009638_c5c36fa2-58ee-4dd6-8c76-0bd1abd2527f.jpg,couch_grass,stem_elongation,reference_camera,couch_grass_stem_elongation_g002,train,009638_c5c36fa2-58ee-4dd6-8c76-0bd1abd2527f.jpg
Dataset 1 кейс/Сорняки/Пырей ползучий/Стеблевание/009639_83d72beb-2263-46ae-9e10-e8df17949518.jpg,couch_grass,stem_elongation,reference_camera,couch_grass_stem_elongation_g002,train,009639_83d72beb-2263-46ae-9e10-e8df17949518.jpg
Dataset 1 кейс/Сорняки/Пырей ползучий/Стеблевание/009640_5d64ca1c-e5ef-434e-8767-594d77a9f62f.jpg,couch_grass,stem_elongation,reference_camera,couch_grass_stem_elongation_g002,train,009640_5d64ca1c-e5ef-434e-8767-594d77a9f62f.jpg
Dataset 1 кейс/Сорняки/Пырей ползучий/Стеблевание/009641_2fad7b1e-7935-4aa7-a24e-5b9f2b6bf100.jpg,couch_grass,stem_elongation,reference_camera,couch_grass_stem_elongation_g002,train,009641_2fad7b1e-7935-4aa7-a24e-5b9f2b6bf100.jpg
Dataset 1 кейс/Сорняки/Пырей ползучий/Стеблевание/009642_f2ad51e6-344e-4444-9726-5432fb9aa3fc.jpg,couch_grass,stem_elongation,reference_camera,couch_grass_stem_elongation_g002,train,009642_f2ad51e6-344e-4444-9726-5432fb9aa3fc.jpg
Dataset 1 кейс/Сорняки/Пырей ползучий/Стеблевание/009643_e9059c19-0ee0-4259-952f-54b820ae2c20.jpg,couch_grass,stem_elongation,reference_camera,couch_grass_stem_elongation_g002,train,009643_e9059c19-0ee0-4259-952f-54b820ae2c20.jpg
Dataset 1 кейс/Сорняки/Пырей ползучий/Стеблевание/009644_1678f9fc-3339-48a9-8139-14e2745bab1c.jpg,couch_grass,stem_elongation,reference_camera,couch_grass_stem_elongation_g002,train,009644_1678f9fc-3339-48a9-8139-14e2745bab1c.jpg
Dataset 1 кейс/Сорняки/Пырей ползучий/Стеблевание/009645_6e6948e4-69da-41e8-b33f-c903a3a2eabb.jpg,couch_grass,stem_elongation,reference_camera,couch_grass_stem_elongation_g002,train,009645_6e6948e4-69da-41e8-b33f-c903a3a2eabb.jpg
Dataset 1 кейс/Сорняки/Пырей ползучий/Стеблевание/009646_7703d4df-a310-4c54-bc3c-3a1beb687b92.jpg,couch_grass,stem_elongation,reference_camera,couch_grass_stem_elongation_g002,train,009646_7703d4df-a310-4c54-bc3c-3a1beb687b92.jpg
Dataset 1 кейс/Сорняки/Пырей ползучий/Стеблевание/009647_921123e9-d696-458a-9313-6e97f38d357b.jpg,couch_grass,stem_elongation,reference_camera,couch_grass_stem_elongation_g002,train,009647_921123e9-d696-458a-9313-6e97f38d357b.jpg
Dataset 1 кейс/Сорняки/Пырей ползучий/Стеблевание/009648_e039aaa3-dd79-436d-bd99-d5bddf405bb9.jpg,couch_grass,stem_elongation,reference_camera,couch_grass_stem_elongation_g002,train,009648_e039aaa3-dd79-436d-bd99-d5bddf405bb9.jpg
Dataset 1 кейс/Сорняки/Пырей ползучий/Стеблевание/009649_1ba28680-855b-42dd-9ad7-b1e56cc7d700.jpg,couch_grass,stem_elongation,reference_camera,couch_grass_stem_elongation_g002,train,009649_1ba28680-855b-42dd-9ad7-b1e56cc7d700.jpg
Dataset 1 кейс/Сорняки/Пырей ползучий/Стеблевание/009650_0e9c8a5f-c9ba-4349-bfaf-180248387d2b.jpg,couch_grass,stem_elongation,reference_camera,couch_grass_stem_elongation_g002,train,009650_0e9c8a5f-c9ba-4349-bfaf-180248387d2b.jpg
Dataset 1 кейс/Сорняки/Пырей ползучий/Стеблевание/009651_3e3e128b-3f5e-45ae-a47f-4e72e725ab0b.jpg,couch_grass,stem_elongation,reference_camera,couch_grass_stem_elongation_g002,train,009651_3e3e128b-3f5e-45ae-a47f-4e72e725ab0b.jpg
Dataset 1 кейс/Сорняки/Пырей ползучий/Стеблевание/009652_e5058756-f60a-45c9-bce1-80b39670c210.jpg,couch_grass,stem_elongation,reference_camera,couch_grass_stem_elongation_g002,val,009652_e5058756-f60a-45c9-bce1-80b39670c210.jpg
Dataset 1 кейс/Сорняки/Пырей ползучий/Стеблевание/009653_20cc4736-c80c-4591-ba2a-0423bfa1f6e2.jpg,couch_grass,stem_elongation,reference_camera,couch_grass_stem_elongation_g002,val,009653_20cc4736-c80c-4591-ba2a-0423bfa1f6e2.jpg
Dataset 1 кейс/Сорняки/Пырей ползучий/Стеблевание/009654_db393bf0-31ce-4ad4-adb9-50ab7a6dbc2e.jpg,couch_grass,stem_elongation,reference_camera,couch_grass_stem_elongation_g002,val,009654_db393bf0-31ce-4ad4-adb9-50ab7a6dbc2e.jpg
Dataset 1 кейс/Сорняки/Пырей ползучий/Стеблевание/009655_a9d128dd-119c-46fb-81c3-959b34a8f0e1.jpg,couch_grass,stem_elongation,reference_camera,couch_grass_stem_elongation_g002,val,009655_a9d128dd-119c-46fb-81c3-959b34a8f0e1.jpg
Dataset 1 кейс/Сорняки/Пырей ползучий/Стеблевание/009656_95451643-f24b-47cf-aaae-d21347dc51c6.jpg,couch_grass,stem_elongation,reference_camera,couch_grass_stem_elongation_g002,val,009656_95451643-f24b-47cf-aaae-d21347dc51c6.jpg
Dataset 1 кейс/Сорняки/Пырей ползучий/Стеблевание/009657_f5d98871-7dc1-4996-9edc-a3a84d7ec746.jpg,couch_grass,stem_elongation,reference_camera,couch_grass_stem_elongation_g002,val,009657_f5d98871-7dc1-4996-9edc-a3a84d7ec746.jpg
Dataset 1 кейс/Сорняки/Пырей ползучий/Стеблевание/009658_8c3290e5-fcfd-4efc-a265-5de70e1fb289.jpg,couch_grass,stem_elongation,reference_camera,couch_grass_stem_elongation_g002,val,009658_8c3290e5-fcfd-4efc-a265-5de70e1fb289.jpg
Dataset 1 кейс/Сорняки/Пырей ползучий/Стеблевание/009659_118d108d-0551-4908-8b8e-f6955ff56efc.jpg,couch_grass,stem_elongation,reference_camera,couch_grass_stem_elongation_g002,val,009659_118d108d-0551-4908-8b8e-f6955ff56efc.jpg
Dataset 1 кейс/Сорняки/Пырей ползучий/Стеблевание/009660_90bac4d9-19c7-4cf7-bf45-cd2d7db05e81.jpg,couch_grass,stem_elongation,reference_camera,couch_grass_stem_elongation_g002,val,009660_90bac4d9-19c7-4cf7-bf45-cd2d7db05e81.jpg
Dataset 1 кейс/Сорняки/Пырей ползучий/Стеблевание/009661_85ccd96c-2128-40e5-a6e9-16b8d34ccf46.jpg,couch_grass,stem_elongation,reference_camera,couch_grass_stem_elongation_g002,val,009661_85ccd96c-2128-40e5-a6e9-16b8d34ccf46.jpg
Dataset 1 кейс/Сорняки/Пырей ползучий/Стеблевание/009662_37607f75-c1e6-4eb4-9154-2254ac5fc1b0.jpg,couch_grass,stem_elongation,reference_camera,couch_grass_stem_elongation_g002,val,009662_37607f75-c1e6-4eb4-9154-2254ac5fc1b0.jpg
Dataset 1 кейс/Сорняки/Пырей ползучий/Стеблевание/009663_dada3c38-eca6-45ab-b150-fa171d636972.jpg,couch_grass,stem_elongation,reference_camera,couch_grass_stem_elongation_g002,val,009663_dada3c38-eca6-45ab-b150-fa171d636972.jpg
Dataset 1 кейс/Сорняки/Пырей ползучий/Стеблевание/009664_ef1f3e48-4bb9-4483-bf0a-4bb563608d63.jpg,couch_grass,stem_elongation,reference_camera,couch_grass_stem_elongation_g002,val,009664_ef1f3e48-4bb9-4483-bf0a-4bb563608d63.jpg
Dataset 1 кейс/Сорняки/Пырей ползучий/Стеблевание/009665_a2af0326-7ff0-4fdd-aae6-e75542f65d9b.jpg,couch_grass,stem_elongation,reference_camera,couch_grass_stem_elongation_g002,val,009665_a2af0326-7ff0-4fdd-aae6-e75542f65d9b.jpg
Dataset 1 кейс/Сорняки/Пырей ползучий/Стеблевание/009666_d8c1acd8-fa64-4d7e-881f-895a06247fc7.jpg,couch_grass,stem_elongation,reference_camera,couch_grass_stem_elongation_g002,val,009666_d8c1acd8-fa64-4d7e-881f-895a06247fc7.jpg
Dataset 1 кейс/Сорняки/Пырей ползучий/Стеблевание/009667_d51953c9-dbc5-4684-a758-a84c16f88df1.jpg,couch_grass,stem_elongation,reference_camera,couch_grass_stem_elongation_g002,val,009667_d51953c9-dbc5-4684-a758-a84c16f88df1.jpg
Dataset 1 кейс/Сорняки/Пырей ползучий/Стеблевание/009668_a7b23424-c742-41c9-bba6-1c7eb3878fd2.jpg,couch_grass,stem_elongation,reference_camera,couch_grass_stem_elongation_g002,val,009668_a7b23424-c742-41c9-bba6-1c7eb3878fd2.jpg
Dataset 1 кейс/Сорняки/Пырей ползучий/Стеблевание/009669_814dd60f-81ac-4827-a762-ddfde39adb7c.jpg,couch_grass,stem_elongation,reference_camera,couch_grass_stem_elongation_g002,test,009669_814dd60f-81ac-4827-a762-ddfde39adb7c.jpg
Dataset 1 кейс/Сорняки/Пырей ползучий/Стеблевание/009670_171361a4-f358-462a-9471-3e8ba4ac0e9c.jpg,couch_grass,stem_elongation,reference_camera,couch_grass_stem_elongation_g002,test,009670_171361a4-f358-462a-9471-3e8ba4ac0e9c.jpg
Dataset 1 кейс/Сорняки/Пырей ползучий/Стеблевание/009671_45badebf-1d72-4a18-8c15-ab0ea10f39b9.jpg,couch_grass,stem_elongation,reference_camera,couch_grass_stem_elongation_g002,test,009671_45badebf-1d72-4a18-8c15-ab0ea10f39b9.jpg
Dataset 1 кейс/Сорняки/Пырей ползучий/Стеблевание/009672_7e34f25a-c432-4779-bee3-e817b645b898.jpg,couch_grass,stem_elongation,reference_camera,couch_grass_stem_elongation_g002,test,009672_7e34f25a-c432-4779-bee3-e817b645b898.jpg
Dataset 1 кейс/Сорняки/Пырей ползучий/Стеблевание/009673_2d3c242c-3b7c-401c-84f6-9323993e878e.jpg,couch_grass,stem_elongation,reference_camera,couch_grass_stem_elongation_g002,test,009673_2d3c242c-3b7c-401c-84f6-9323993e878e.jpg
Dataset 1 кейс/Сорняки/Пырей ползучий/Стеблевание/009674_1cd3c85a-c0a8-41b7-8b95-6eb0ca99b04c.jpg,couch_grass,stem_elongation,reference_camera,couch_grass_stem_elongation_g002,test,009674_1cd3c85a-c0a8-41b7-8b95-6eb0ca99b04c.jpg
Dataset 1 кейс/Сорняки/Пырей ползучий/Стеблевание/009675_92d3db43-361d-4330-b04b-1f6a2466337e.jpg,couch_grass,stem_elongation,reference_camera,couch_grass_stem_elongation_g002,test,009675_92d3db43-361d-4330-b04b-1f6a2466337e.jpg
Dataset 1 кейс/Сорняки/Пырей ползучий/Стеблевание/009676_f50e3bd8-f497-45a2-a0c1-631372952019.jpg,couch_grass,stem_elongation,reference_camera,couch_grass_stem_elongation_g002,test,009676_f50e3bd8-f497-45a2-a0c1-631372952019.jpg
Dataset 1 кейс/Сорняки/Пырей ползучий/Стеблевание/009677_8b59e73a-cf5e-4190-baf0-bede0fb5f39c.jpg,couch_grass,stem_elongation,reference_camera,couch_grass_stem_elongation_g002,test,009677_8b59e73a-cf5e-4190-baf0-bede0fb5f39c.jpg
Dataset 1 кейс/Сорняки/Пырей ползучий/Стеблевание/009678_98fd3ea1-2e5f-4a40-8741-19650b41c687.jpg,couch_grass,stem_elongation,reference_camera,couch_grass_stem_elongation_g002,test,009678_98fd3ea1-2e5f-4a40-8741-19650b41c687.jpg
Dataset 1 кейс/Сорняки/Пырей ползучий/Стеблевание/009679_185e371e-5bac-4581-bd98-079202ba2bb0.jpg,couch_grass,stem_elongation,reference_camera,couch_grass_stem_elongation_g002,test,009679_185e371e-5bac-4581-bd98-079202ba2bb0.jpg
Dataset 1 кейс/Сорняки/Пырей ползучий/Стеблевание/009680_1c7dacc0-8154-4bfc-93ec-95fc0e3ec58c.jpg,couch_grass,stem_elongation,reference_camera,couch_grass_stem_elongation_g002,test,009680_1c7dacc0-8154-4bfc-93ec-95fc0e3ec58c.jpg
Dataset 1 кейс/Сорняки/Пырей ползучий/Стеблевание/009681_187d98ab-e2d4-4994-ad8b-4128aad29ebf.jpg,couch_grass,stem_elongation,reference_camera,couch_grass_stem_elongation_g002,test,009681_187d98ab-e2d4-4994-ad8b-4128aad29ebf.jpg
Dataset 1 кейс/Сорняки/Пырей ползучий/Стеблевание/009682_22b1ec2c-5bf7-452b-9d23-8d265f0f25c7.jpg,couch_grass,stem_elongation,reference_camera,couch_grass_stem_elongation_g002,test,009682_22b1ec2c-5bf7-452b-9d23-8d265f0f25c7.jpg
Dataset 1 кейс/Сорняки/Пырей ползучий/Стеблевание/009683_d5f50387-1218-4eca-a676-dbe089e10f54.jpg,couch_grass,stem_elongation,reference_camera,couch_grass_stem_elongation_g002,test,009683_d5f50387-1218-4eca-a676-dbe089e10f54.jpg
Dataset 1 кейс/Сорняки/Пырей ползучий/Стеблевание/009684_327123f0-b502-412a-9959-768930ca59df.jpg,couch_grass,stem_elongation,reference_camera,couch_grass_stem_elongation_g002,test,009684_327123f0-b502-412a-9959-768930ca59df.jpg
Dataset 1 кейс/Сорняки/Пырей ползучий/Стеблевание/009685_8898eee3-ce22-4093-bc03-dd2878e7720f.jpg,couch_grass,stem_elongation,reference_camera,couch_grass_stem_elongation_g002,test,009685_8898eee3-ce22-4093-bc03-dd2878e7720f.jpg
Dataset 1 кейс/Сорняки/Пырей ползучий/Стеблевание/009686_27d95a54-d3b4-444f-bead-45e8685d35c2.jpg,couch_grass,stem_elongation,reference_camera,couch_grass_stem_elongation_g002,test,009686_27d95a54-d3b4-444f-bead-45e8685d35c2.jpg
Dataset 1 кейс/Сорняки/Вьюнок полевой/Розетка/001332_b8ee8ae6-6e89-401e-9163-2810c7060c17.jpg,field_bindweed,rosette,reference_camera,field_bindweed_rosette_g001,train,001332_b8ee8ae6-6e89-401e-9163-2810c7060c17.jpg
Dataset 1 кейс/Сорняки/Вьюнок полевой/Розетка/001337_2d254647-8f56-4a39-8804-7190fb4c862e.jpg,field_bindweed,rosette,reference_camera,field_bindweed_rosette_g001,train,001337_2d254647-8f56-4a39-8804-7190fb4c862e.jpg
Dataset 1 кейс/Сорняки/Вьюнок полевой/Розетка/001338_5f51fb60-650d-4f14-965b-e3125d8e34eb.jpg,field_bindweed,rosette,reference_camera,field_bindweed_rosette_g001,train,001338_5f51fb60-650d-4f14-965b-e3125d8e34eb.jpg
Dataset 1 кейс/Сорняки/Вьюнок полевой/Розетка/001339_6872a50b-6aca-4c0a-9463-805d28995c38.jpg,field_bindweed,rosette,reference_camera,field_bindweed_rosette_g001,train,001339_6872a50b-6aca-4c0a-9463-805d28995c38.jpg
Dataset 1 кейс/Сорняки/Вьюнок полевой/Розетка/001363_c47ce94b-1ff4-4264-959e-7d239d370589.jpg,field_bindweed,rosette,reference_camera,field_bindweed_rosette_g002,train,001363_c47ce94b-1ff4-4264-959e-7d239d370589.jpg
Dataset 1 кейс/Сорняки/Вьюнок полевой/Розетка/001364_d37d277f-c3ae-4a39-988d-3e13efcb37dc.jpg,field_bindweed,rosette,reference_camera,field_bindweed_rosette_g002,train,001364_d37d277f-c3ae-4a39-988d-3e13efcb37dc.jpg
Dataset 1 кейс/Сорняки/Вьюнок полевой/Розетка/001369_5476b93c-95ed-40ce-a579-2acaf467f9ad.jpg,field_bindweed,rosette,reference_camera,field_bindweed_rosette_g002,train,001369_5476b93c-95ed-40ce-a579-2acaf467f9ad.jpg
Dataset 1 кейс/Сорняки/Вьюнок полевой/Розетка/001370_dc22cfcd-8850-4253-b294-7c029a50816c.jpg,field_bindweed,rosette,reference_camera,field_bindweed_rosette_g002,train,001370_dc22cfcd-8850-4253-b294-7c029a50816c.jpg
Dataset 1 кейс/Сорняки/Вьюнок полевой/Розетка/001371_4065bd17-7bd3-487d-874e-d0b21dfc246c.jpg,field_bindweed,rosette,reference_camera,field_bindweed_rosette_g002,train,001371_4065bd17-7bd3-487d-874e-d0b21dfc246c.jpg
Dataset 1 кейс/Сорняки/Вьюнок полевой/Розетка/001382_6c19a90a-47ca-454d-b0c5-fd2aae9b47e2.jpg,field_bindweed,rosette,reference_camera,field_bindweed_rosette_g002,train,001382_6c19a90a-47ca-454d-b0c5-fd2aae9b47e2.jpg
Dataset 1 кейс/Сорняки/Вьюнок полевой/Розетка/001383_1bfed9a9-9b96-4032-a19a-77aa47da30ac.jpg,field_bindweed,rosette,reference_camera,field_bindweed_rosette_g002,train,001383_1bfed9a9-9b96-4032-a19a-77aa47da30ac.jpg
Dataset 1 кейс/Сорняки/Вьюнок полевой/Розетка/001397_9b45dff0-d43a-4a1e-a57b-e175f9d59bd5.jpg,field_bindweed,rosette,reference_camera,field_bindweed_rosette_g002,train,001397_9b45dff0-d43a-4a1e-a57b-e175f9d59bd5.jpg
Dataset 1 кейс/Сорняки/Вьюнок полевой/Розетка/001398_5f9ca290-1b3f-4118-81f5-b6cf0bba7718.jpg,field_bindweed,rosette,reference_camera,field_bindweed_rosette_g002,train,001398_5f9ca290-1b3f-4118-81f5-b6cf0bba7718.jpg
Dataset 1 кейс/Сорняки/Вьюнок полевой/Розетка/001444_16c86bdf-2bc8-4bca-8123-6a00ec19cf90.jpg,field_bindweed,rosette,reference_camera,field_bindweed_rosette_g003,train,001444_16c86bdf-2bc8-4bca-8123-6a00ec19cf90.jpg
Dataset 1 кейс/Сорняки/Вьюнок полевой/Розетка/001445_e7db9055-d3a5-4703-bd3b-b2514382ff6e.jpg,field_bindweed,rosette,reference_camera,field_bindweed_rosette_g003,train,001445_e7db9055-d3a5-4703-bd3b-b2514382ff6e.jpg
Dataset 1 кейс/Сорняки/Вьюнок полевой/Розетка/001446_9eea9cf1-595e-4d12-bf4c-a0f68cbd353b.jpg,field_bindweed,rosette,reference_camera,field_bindweed_rosette_g003,train,001446_9eea9cf1-595e-4d12-bf4c-a0f68cbd353b.jpg
Dataset 1 кейс/Сорняки/Вьюнок полевой/Розетка/002138_27b2ae6d-3250-402e-9ef3-88f0fc581eea.jpg,field_bindweed,rosette,reference_camera,field_bindweed_rosette_g004,train,002138_27b2ae6d-3250-402e-9ef3-88f0fc581eea.jpg
Dataset 1 кейс/Сорняки/Вьюнок полевой/Розетка/002139_8b72348a-6822-4633-90c9-5fceda54a490.jpg,field_bindweed,rosette,reference_camera,field_bindweed_rosette_g004,train,002139_8b72348a-6822-4633-90c9-5fceda54a490.jpg
Dataset 1 кейс/Сорняки/Вьюнок полевой/Розетка/002140_e77ab3b2-9094-48c0-9a71-61ff52d7b1a7.jpg,field_bindweed,rosette,reference_camera,field_bindweed_rosette_g004,train,002140_e77ab3b2-9094-48c0-9a71-61ff52d7b1a7.jpg
Dataset 1 кейс/Сорняки/Вьюнок полевой/Розетка/002141_8a1a1aee-385d-4149-bb70-2424a89c008e.jpg,field_bindweed,rosette,reference_camera,field_bindweed_rosette_g004,train,002141_8a1a1aee-385d-4149-bb70-2424a89c008e.jpg
Dataset 1 кейс/Сорняки/Вьюнок полевой/Розетка/002142_ccadbf76-3678-4928-ae2a-7ef227d1c6ee.jpg,field_bindweed,rosette,reference_camera,field_bindweed_rosette_g004,train,002142_ccadbf76-3678-4928-ae2a-7ef227d1c6ee.jpg
Dataset 1 кейс/Сорняки/Вьюнок полевой/Розетка/002143_f0e5405e-e43c-4012-8c62-b4274a590d9e.jpg,field_bindweed,rosette,reference_camera,field_bindweed_rosette_g004,train,002143_f0e5405e-e43c-4012-8c62-b4274a590d9e.jpg
Dataset 1 кейс/Сорняки/Вьюнок полевой/Розетка/002144_22b1795e-bcc6-44f9-b07d-c22eef5e0ef0.jpg,field_bindweed,rosette,reference_camera,field_bindweed_rosette_g004,train,002144_22b1795e-bcc6-44f9-b07d-c22eef5e0ef0.jpg
Dataset 1 кейс/Сорняки/Вьюнок полевой/Розетка/002145_6f3cb89a-babb-4a1a-94ba-a527a179ebc7.jpg,field_bindweed,rosette,reference_camera,field_bindweed_rosette_g004,train,002145_6f3cb89a-babb-4a1a-94ba-a527a179ebc7.jpg
Dataset 1 кейс/Сорняки/Вьюнок полевой/Розетка/002146_60679675-c4b8-4ee9-b82d-97e8c531246c.jpg,field_bindweed,rosette,reference_camera,field_bindweed_rosette_g004,train,002146_60679675-c4b8-4ee9-b82d-97e8c531246c.jpg
Dataset 1 кейс/Сорняки/Вьюнок полевой/Розетка/002147_74aa2bd1-6c6c-4cc6-9d08-fc340ed8aae8.jpg,field_bindweed,rosette,reference_camera,field_bindweed_rosette_g004,train,002147_74aa2bd1-6c6c-4cc6-9d08-fc340ed8aae8.jpg
Dataset 1 кейс/Сорняки/Вьюнок полевой/Розетка/002148_214f5095-3970-4683-b57b-998b2024472d.jpg,field_bindweed,rosette,reference_camera,field_bindweed_rosette_g004,train,002148_214f5095-3970-4683-b57b-998b2024472d.jpg
Dataset 1 кейс/Сорняки/Вьюнок полевой/Розетка/002149_558bb0bd-0f36-43d0-823c-d44bafd91b9a.jpg,field_bindweed,rosette,reference_camera,field_bindweed_rosette_g004,train,002149_558bb0bd-0f36-43d0-823c-d44bafd91b9a.jpg
Dataset 1 кейс/Сорняки/Вьюнок полевой/Розетка/002150_e1402ba4-7dd6-4451-b91b-cb75c1774b66.jpg,field_bindweed,rosette,reference_camera,field_bindweed_rosette_g004,train,002150_e1402ba4-7dd6-4451-b91b-cb75c1774b66.jpg
Dataset 1 кейс/Сорняки/Вьюнок полевой/Розетка/002151_e278809e-8794-400e-905d-4406e839ec30.jpg,field_bindweed,rosette,reference_camera,field_bindweed_rosette_g004,train,002151_e278809e-8794-400e-905d-4406e839ec30.jpg
Dataset 1 кейс/Сорняки/Вьюнок полевой/Розетка/002152_0b487080-4f14-4a7b-94fa-d9c1fecf3651.jpg,field_bindweed,rosette,reference_camera,field_bindweed_rosette_g004,train,002152_0b487080-4f14-4a7b-94fa-d9c1fecf3651.jpg
Dataset 1 кейс/Сорняки/Вьюнок полевой/Розетка/002153_fa9af74b-0d91-4c67-b9c3-f5a6c30d69c8.jpg,field_bindweed,rosette,reference_camera,field_bindweed_rosette_g004,train,002153_fa9af74b-0d91-4c67-b9c3-f5a6c30d69c8.jpg
Dataset 1 кейс/Сорняки/Вьюнок полевой/Розетка/002154_139e6519-fa97-40de-893c-7d58717f2469.jpg,field_bindweed,rosette,reference_camera,field_bindweed_rosette_g004,train,002154_139e6519-fa97-40de-893c-7d58717f2469.jpg
Dataset 1 кейс/Сорняки/Вьюнок полевой/Розетка/002155_f32e7a95-70a1-4367-a421-a1f7e7a0621d.jpg,field_bindweed,rosette,reference_camera,field_bindweed_rosette_g004,train,002155_f32e7a95-70a1-4367-a421-a1f7e7a0621d.jpg
Dataset 1 кейс/Сорняки/Вьюнок полевой/Розетка/002156_e8639040-bcf0-4212-8fb4-73c4b76c793e.jpg,field_bindweed,rosette,reference_camera,field_bindweed_rosette_g004,train,002156_e8639040-bcf0-4212-8fb4-73c4b76c793e.jpg
Dataset 1 кейс/Сорняки/Вьюнок полевой/Розетка/002157_624535a3-4aaf-4454-aa05-43b226ce3a96.jpg,field_bindweed,rosette,reference_camera,field_bindweed_rosette_g004,train,002157_624535a3-4aaf-4454-aa05-43b226ce3a96.jpg
Dataset 1 кейс/Сорняки/Вьюнок полевой/Розетка/002158_5f908853-2511-4955-b64e-801c08ab5a7a.jpg,field_bindweed,rosette,reference_camera,field_bindweed_rosette_g004,train,002158_5f908853-2511-4955-b64e-801c08ab5a7a.jpg
Dataset 1 кейс/Сорняки/Вьюнок полевой/Розетка/002159_5738f277-928e-49ce-8157-9b26ddf9a910.jpg,field_bindweed,rosette,reference_camera,field_bindweed_rosette_g004,train,002159_5738f277-928e-49ce-8157-9b26ddf9a910.jpg
Dataset 1 кейс/Сорняки/Вьюнок полевой/Розетка/002160_98623de8-4307-45cb-a16b-e391766f6c7d.jpg,field_bindweed,rosette,reference_camera,field_bindweed_rosette_g004,train,002160_98623de8-4307-45cb-a16b-e391766f6c7d.jpg
Dataset 1 кейс/Сорняки/Вьюнок полевой/Розетка/002161_a36c72fa-d888-47ec-b9a9-b9f6f321e527.jpg,field_bindweed,rosette,reference_camera,field_bindweed_rosette_g004,train,002161_a36c72fa-d888-47ec-b9a9-b9f6f321e527.jpg
Dataset 1 кейс/Сорняки/Вьюнок полевой/Розетка/002162_355c6554-bde8-450b-bee0-3d3ced2f8a00.jpg,field_bindweed,rosette,reference_camera,field_bindweed_rosette_g004,train,002162_355c6554-bde8-450b-bee0-3d3ced2f8a00.jpg
Dataset 1 кейс/Сорняки/Вьюнок полевой/Розетка/002163_806c5002-5b93-41c6-8a0e-315ff7c23eb0.jpg,field_bindweed,rosette,reference_camera,field_bindweed_rosette_g004,train,002163_806c5002-5b93-41c6-8a0e-315ff7c23eb0.jpg
Dataset 1 кейс/Сорняки/Вьюнок полевой/Розетка/002164_3e66bb84-bb54-4741-879b-436f44f67195.jpg,field_bindweed,rosette,reference_camera,field_bindweed_rosette_g004,train,002164_3e66bb84-bb54-4741-879b-436f44f67195.jpg
Dataset 1 кейс/Сорняки/Вьюнок полевой/Розетка/002165_cb2f92cf-2806-462f-ae88-a6939d2e8ae3.jpg,field_bindweed,rosette,reference_camera,field_bindweed_rosette_g004,train,002165_cb2f92cf-2806-462f-ae88-a6939d2e8ae3.jpg
Dataset 1 кейс/Сорняки/Вьюнок полевой/Розетка/002166_11ce2681-c055-44fb-bebd-5cff312ffda1.jpg,field_bindweed,rosette,reference_camera,field_bindweed_rosette_g004,train,002166_11ce2681-c055-44fb-bebd-5cff312ffda1.jpg
Dataset 1 кейс/Сорняки/Вьюнок полевой/Розетка/002167_c261c8f0-3d7e-4a78-a1fd-53466863c7db.jpg,field_bindweed,rosette,reference_camera,field_bindweed_rosette_g004,train,002167_c261c8f0-3d7e-4a78-a1fd-53466863c7db.jpg
Dataset 1 кейс/Сорняки/Вьюнок полевой/Розетка/002168_cf07944b-a76b-4b00-9bb7-de5c1e3db831.jpg,field_bindweed,rosette,reference_camera,field_bindweed_rosette_g004,train,002168_cf07944b-a76b-4b00-9bb7-de5c1e3db831.jpg
Dataset 1 кейс/Сорняки/Вьюнок полевой/Розетка/002169_a69b672e-a82b-46e4-8c18-c154fca3f908.jpg,field_bindweed,rosette,reference_camera,field_bindweed_rosette_g004,train,002169_a69b672e-a82b-46e4-8c18-c154fca3f908.jpg
Dataset 1 кейс/Сорняки/Вьюнок полевой/Розетка/002170_f64464c1-9418-4b9a-9e46-886d39258d73.jpg,field_bindweed,rosette,reference_camera,field_bindweed_rosette_g004,train,002170_f64464c1-9418-4b9a-9e46-886d39258d73.jpg
Dataset 1 кейс/Сорняки/Вьюнок полевой/Розетка/002171_98c94c47-dcad-48ce-a032-6506686dfd3b.jpg,field_bindweed,rosette,reference_camera,field_bindweed_rosette_g004,train,002171_98c94c47-dcad-48ce-a032-6506686dfd3b.jpg
Dataset 1 кейс/Сорняки/Вьюнок полевой/Розетка/002172_e815beeb-6b0f-4c24-a375-a9a411a7c1da.jpg,field_bindweed,rosette,reference_camera,field_bindweed_rosette_g004,train,002172_e815beeb-6b0f-4c24-a375-a9a411a7c1da.jpg
Dataset 1 кейс/Сорняки/Вьюнок полевой/Розетка/002173_d4dea56d-db42-4eb7-ae05-1df6a3631608.jpg,field_bindweed,rosette,reference_camera,field_bindweed_rosette_g004,train,002173_d4dea56d-db42-4eb7-ae05-1df6a3631608.jpg
Dataset 1 кейс/Сорняки/Вьюнок полевой/Розетка/002174_cf94073a-413b-4318-be9d-61aec195f9da.jpg,field_bindweed,rosette,reference_camera,field_bindweed_rosette_g004,train,002174_cf94073a-413b-4318-be9d-61aec195f9da.jpg
Dataset 1 кейс/Сорняки/Вьюнок полевой/Розетка/002175_40f0d661-2991-4362-92cf-1884435a513e.jpg,field_bindweed,rosette,reference_camera,field_bindweed_rosette_g004,train,002175_40f0d661-2991-4362-92cf-1884435a513e.jpg
Dataset 1 кейс/Сорняки/Вьюнок полевой/Розетка/002176_d8fcd80a-048e-4cb1-abe1-5032f7cee6cd.jpg,field_bindweed,rosette,reference_camera,field_bindweed_rosette_g004,train,002176_d8fcd80a-048e-4cb1-abe1-5032f7cee6cd.jpg
Dataset 1 кейс/Сорняки/Вьюнок полевой/Розетка/002177_a0d6a01b-0689-4a74-8238-679d983b5ad2.jpg,field_bindweed,rosette,reference_camera,field_bindweed_rosette_g004,train,002177_a0d6a01b-0689-4a74-8238-679d983b5ad2.jpg
Dataset 1 кейс/Сорняки/Вьюнок полевой/Розетка/002178_b5815e37-85b0-4c8b-94cf-1e507a83d151.jpg,field_bindweed,rosette,reference_camera,field_bindweed_rosette_g004,train,002178_b5815e37-85b0-4c8b-94cf-1e507a83d151.jpg
Dataset 1 кейс/Сорняки/Вьюнок полевой/Розетка/002179_9f851a85-2e22-498f-85f7-8cc3ee1d7908.jpg,field_bindweed,rosette,reference_camera,field_bindweed_rosette_g004,train,002179_9f851a85-2e22-498f-85f7-8cc3ee1d7908.jpg
Dataset 1 кейс/Сорняки/Вьюнок полевой/Розетка/002180_24bd7699-0893-4305-9022-a5090c7f5831.jpg,field_bindweed,rosette,reference_camera,field_bindweed_rosette_g004,train,002180_24bd7699-0893-4305-9022-a5090c7f5831.jpg
Dataset 1 кейс/Сорняки/Вьюнок полевой/Розетка/002181_7ff0a580-c1bd-4d86-a5ac-3ce30fefbea4.jpg,field_bindweed,rosette,reference_camera,field_bindweed_rosette_g004,train,002181_7ff0a580-c1bd-4d86-a5ac-3ce30fefbea4.jpg
Dataset 1 кейс/Сорняки/Вьюнок полевой/Розетка/002182_13fcd7e8-3900-4889-92c2-6fc7c7046b03.jpg,field_bindweed,rosette,reference_camera,field_bindweed_rosette_g004,train,002182_13fcd7e8-3900-4889-92c2-6fc7c7046b03.jpg
Dataset 1 кейс/Сорняки/Вьюнок полевой/Розетка/002183_199414c6-e3b0-4cd4-9a62-1b9e6360ef9e.jpg,field_bindweed,rosette,reference_camera,field_bindweed_rosette_g004,train,002183_199414c6-e3b0-4cd4-9a62-1b9e6360ef9e.jpg
Dataset 1 кейс/Сорняки/Вьюнок полевой/Розетка/002184_1c8805ee-8244-4ea9-b603-629a87e415c2.jpg,field_bindweed,rosette,reference_camera,field_bindweed_rosette_g004,train,002184_1c8805ee-8244-4ea9-b603-629a87e415c2.jpg
Dataset 1 кейс/Сорняки/Вьюнок полевой/Розетка/002185_1392c0c6-b0b3-41cf-aa37-a7f7363fe122.jpg,field_bindweed,rosette,reference_camera,field_bindweed_rosette_g004,train,002185_1392c0c6-b0b3-41cf-aa37-a7f7363fe122.jpg
Dataset 1 кейс/Сорняки/Вьюнок полевой/Розетка/002186_c96cf2ca-cf1d-45e2-844c-60294820feb4.jpg,field_bindweed,rosette,reference_camera,field_bindweed_rosette_g004,train,002186_c96cf2ca-cf1d-45e2-844c-60294820feb4.jpg
Dataset 1 кейс/Сорняки/Вьюнок полевой/Розетка/002187_66fc60c4-fd2b-4269-ad43-b9e72cce7c67.jpg,field_bindweed,rosette,reference_camera,field_bindweed_rosette_g004,train,002187_66fc60c4-fd2b-4269-ad43-b9e72cce7c67.jpg
Dataset 1 кейс/Сорняки/Вьюнок полевой/Розетка/002188_3ab753e6-8343-4c26-afc1-903ab62a582e.jpg,field_bindweed,rosette,reference_camera,field_bindweed_rosette_g004,train,002188_3ab753e6-8343-4c26-afc1-903ab62a582e.jpg
Dataset 1 кейс/Сорняки/Вьюнок полевой/Розетка/002189_ac369723-c7d3-4dfa-aaa0-d58c1ae3bbd8.jpg,field_bindweed,rosette,reference_camera,field_bindweed_rosette_g004,train,002189_ac369723-c7d3-4dfa-aaa0-d58c1ae3bbd8.jpg
Dataset 1 кейс/Сорняки/Вьюнок полевой/Розетка/002190_c1551839-7814-42a1-a343-47ddf4fd2e16.jpg,field_bindweed,rosette,reference_camera,field_bindweed_rosette_g004,train,002190_c1551839-7814-42a1-a343-47ddf4fd2e16.jpg
Dataset 1 кейс/Сорняки/Вьюнок полевой/Розетка/002191_dc4fa3bc-49df-4316-b46b-ff0e434fddbb.jpg,field_bindweed,rosette,reference_camera,field_bindweed_rosette_g004,train,002191_dc4fa3bc-49df-4316-b46b-ff0e434fddbb.jpg
Dataset 1 кейс/Сорняки/Вьюнок полевой/Розетка/002192_886e3a34-574a-4df9-8060-c38f8d28c924.jpg,field_bindweed,rosette,reference_camera,field_bindweed_rosette_g004,train,002192_886e3a34-574a-4df9-8060-c38f8d28c924.jpg
Dataset 1 кейс/Сорняки/Вьюнок полевой/Розетка/002193_49f1be4e-3882-4ae2-b33c-84a1d4b79c02.jpg,field_bindweed,rosette,reference_camera,field_bindweed_rosette_g004,train,002193_49f1be4e-3882-4ae2-b33c-84a1d4b79c02.jpg
Dataset 1 кейс/Сорняки/Вьюнок полевой/Розетка/002194_902aaf32-3e19-40cf-b9eb-22374c45c3f9.jpg,field_bindweed,rosette,reference_camera,field_bindweed_rosette_g004,train,002194_902aaf32-3e19-40cf-b9eb-22374c45c3f9.jpg
Dataset 1 кейс/Сорняки/Вьюнок полевой/Розетка/002195_679a8840-cabc-4456-9821-917a88e3f78b.jpg,field_bindweed,rosette,reference_camera,field_bindweed_rosette_g004,train,002195_679a8840-cabc-4456-9821-917a88e3f78b.jpg
Dataset 1 кейс/Сорняки/Вьюнок полевой/Розетка/002196_2ef6f0ca-7885-436d-b6f8-847922f29d16.jpg,field_bindweed,rosette,reference_camera,field_bindweed_rosette_g004,train,002196_2ef6f0ca-7885-436d-b6f8-847922f29d16.jpg
Dataset 1 кейс/Сорняки/Вьюнок полевой/Розетка/002197_9f0cff42-27b2-4e3c-9b07-3e9af4a4fc19.jpg,field_bindweed,rosette,reference_camera,field_bindweed_rosette_g004,train,002197_9f0cff42-27b2-4e3c-9b07-3e9af4a4fc19.jpg
Dataset 1 кейс/Сорняки/Вьюнок полевой/Розетка/002198_7a3a6891-aeb9-4339-8be3-f45e35e6cf4b.jpg,field_bindweed,rosette,reference_camera,field_bindweed_rosette_g004,train,002198_7a3a6891-aeb9-4339-8be3-f45e35e6cf4b.jpg
Dataset 1 кейс/Сорняки/Вьюнок полевой/Розетка/002199_847287bf-6dbf-4e98-8699-240b0c97b3b3.jpg,field_bindweed,rosette,reference_camera,field_bindweed_rosette_g004,train,002199_847287bf-6dbf-4e98-8699-240b0c97b3b3.jpg
Dataset 1 кейс/Сорняки/Вьюнок полевой/Розетка/002200_c002c123-4132-4579-a4ae-87be58ada40f.jpg,field_bindweed,rosette,reference_camera,field_bindweed_rosette_g004,train,002200_c002c123-4132-4579-a4ae-87be58ada40f.jpg
Dataset 1 кейс/Сорняки/Вьюнок полевой/Розетка/002201_0b32ac9a-470e-4695-a67f-147170b67ddf.jpg,field_bindweed,rosette,reference_camera,field_bindweed_rosette_g004,train,002201_0b32ac9a-470e-4695-a67f-147170b67ddf.jpg
Dataset 1 кейс/Сорняки/Вьюнок полевой/Розетка/002202_db4be151-e16f-4e3b-9322-d48b2574f7b2.jpg,field_bindweed,rosette,reference_camera,field_bindweed_rosette_g004,train,002202_db4be151-e16f-4e3b-9322-d48b2574f7b2.jpg
Dataset 1 кейс/Сорняки/Вьюнок полевой/Розетка/002203_b508e08b-7ee3-4021-955f-d9c96b17e2ff.jpg,field_bindweed,rosette,reference_camera,field_bindweed_rosette_g004,train,002203_b508e08b-7ee3-4021-955f-d9c96b17e2ff.jpg
Dataset 1 кейс/Сорняки/Вьюнок полевой/Розетка/002204_05756f40-5ee9-4d32-9306-34b6ed34f027.jpg,field_bindweed,rosette,reference_camera,field_bindweed_rosette_g004,train,002204_05756f40-5ee9-4d32-9306-34b6ed34f027.jpg
Dataset 1 кейс/Сорняки/Вьюнок полевой/Розетка/002205_5b1c339a-e8ad-4aa7-ab9a-f82930763bc2.jpg,field_bindweed,rosette,reference_camera,field_bindweed_rosette_g004,train,002205_5b1c339a-e8ad-4aa7-ab9a-f82930763bc2.jpg
Dataset 1 кейс/Сорняки/Вьюнок полевой/Розетка/002206_9ec1de65-627a-4c58-bff4-bc8537a38045.jpg,field_bindweed,rosette,reference_camera,field_bindweed_rosette_g004,train,002206_9ec1de65-627a-4c58-bff4-bc8537a38045.jpg
Dataset 1 кейс/Сорняки/Вьюнок полевой/Розетка/002207_9690302e-7c80-4ef8-937f-d0dbaeec240f.jpg,field_bindweed,rosette,reference_camera,field_bindweed_rosette_g004,val,002207_9690302e-7c80-4ef8-937f-d0dbaeec240f.jpg
Dataset 1 кейс/Сорняки/Вьюнок полевой/Розетка/002208_b91b5d76-05aa-49bc-8454-580f95f972bb.jpg,field_bindweed,rosette,reference_camera,field_bindweed_rosette_g004,val,002208_b91b5d76-05aa-49bc-8454-580f95f972bb.jpg
Dataset 1 кейс/Сорняки/Вьюнок полевой/Розетка/002209_7a23e89f-839e-4569-a116-e6ae532f269f.jpg,field_bindweed,rosette,reference_camera,field_bindweed_rosette_g004,val,002209_7a23e89f-839e-4569-a116-e6ae532f269f.jpg
Dataset 1 кейс/Сорняки/Вьюнок полевой/Розетка/002210_770227f5-641a-4fcd-80be-9a14b99883fd.jpg,field_bindweed,rosette,reference_camera,field_bindweed_rosette_g004,val,002210_770227f5-641a-4fcd-80be-9a14b99883fd.jpg
Dataset 1 кейс/Сорняки/Вьюнок полевой/Розетка/002211_a82bae45-09a5-4775-8f21-aaf625500ddb.jpg,field_bindweed,rosette,reference_camera,field_bindweed_rosette_g004,val,002211_a82bae45-09a5-4775-8f21-aaf625500ddb.jpg
Dataset 1 кейс/Сорняки/Вьюнок полевой/Розетка/002212_135b1b37-34dd-4f72-ae2e-df1ab6e97cb6.jpg,field_bindweed,rosette,reference_camera,field_bindweed_rosette_g004,val,002212_135b1b37-34dd-4f72-ae2e-df1ab6e97cb6.jpg
Dataset 1 кейс/Сорняки/Вьюнок полевой/Розетка/002213_59522e8e-a8a7-4588-be33-d1f414cc49f0.jpg,field_bindweed,rosette,reference_camera,field_bindweed_rosette_g004,val,002213_59522e8e-a8a7-4588-be33-d1f414cc49f0.jpg
Dataset 1 кейс/Сорняки/Вьюнок полевой/Розетка/002214_fd32c9ab-45a8-4c1b-887e-fab5331fb06a.jpg,field_bindweed,rosette,reference_camera,field_bindweed_rosette_g004,val,002214_fd32c9ab-45a8-4c1b-887e-fab5331fb06a.jpg
Dataset 1 кейс/Сорняки/Вьюнок полевой/Розетка/002215_1b0be6c0-720d-413f-88e4-4b9584ad0faf.jpg,field_bindweed,rosette,reference_camera,field_bindweed_rosette_g004,val,002215_1b0be6c0-720d-413f-88e4-4b9584ad0faf.jpg
Dataset 1 кейс/Сорняки/Вьюнок полевой/Розетка/002216_9081ca48-ad5e-4d65-93d6-5dfdd760f003.jpg,field_bindweed,rosette,reference_camera,field_bindweed_rosette_g004,val,002216_9081ca48-ad5e-4d65-93d6-5dfdd760f003.jpg
Dataset 1 кейс/Сорняки/Вьюнок полевой/Розетка/002217_7063607b-fffc-4428-aaff-1fb44df8693b.jpg,field_bindweed,rosette,reference_camera,field_bindweed_rosette_g004,val,002217_7063607b-fffc-4428-aaff-1fb44df8693b.jpg
Dataset 1 кейс/Сорняки/Вьюнок полевой/Розетка/002218_d1208156-5360-451c-8b11-a171f8fc8075.jpg,field_bindweed,rosette,reference_camera,field_bindweed_rosette_g004,val,002218_d1208156-5360-451c-8b11-a171f8fc8075.jpg
Dataset 1 кейс/Сорняки/Вьюнок полевой/Розетка/002219_e9faab0f-76f4-48a9-b1a7-5b00d9e4c656.jpg,field_bindweed,rosette,reference_camera,field_bindweed_rosette_g004,val,002219_e9faab0f-76f4-48a9-b1a7-5b00d9e4c656.jpg
Dataset 1 кейс/Сорняки/Вьюнок полевой/Розетка/002220_22e13b5d-646e-426e-b59a-70093f71c1ee.jpg,field_bindweed,rosette,reference_camera,field_bindweed_rosette_g004,val,002220_22e13b5d-646e-426e-b59a-70093f71c1ee.jpg
Dataset 1 кейс/Сорняки/Вьюнок полевой/Розетка/002221_77622a23-78a5-4e88-8fd4-1db8e229f847.jpg,field_bindweed,rosette,reference_camera,field_bindweed_rosette_g004,val,002221_77622a23-78a5-4e88-8fd4-1db8e229f847.jpg
Dataset 1 кейс/Сорняки/Вьюнок полевой/Розетка/002222_e9051454-a5e7-4bf3-9f47-378e4fa8bc3a.jpg,field_bindweed,rosette,reference_camera,field_bindweed_rosette_g004,val,002222_e9051454-a5e7-4bf3-9f47-378e4fa8bc3a.jpg
Dataset 1 кейс/Сорняки/Вьюнок полевой/Розетка/002223_2b188312-55f3-4498-88d8-607da2c7fb8b.jpg,field_bindweed,rosette,reference_camera,field_bindweed_rosette_g004,val,002223_2b188312-55f3-4498-88d8-607da2c7fb8b.jpg
Dataset 1 кейс/Сорняки/Вьюнок полевой/Розетка/002224_77dd0569-4d84-4281-88a1-6b98a867991c.jpg,field_bindweed,rosette,reference_camera,field_bindweed_rosette_g004,val,002224_77dd0569-4d84-4281-88a1-6b98a867991c.jpg
Dataset 1 кейс/Сорняки/Вьюнок полевой/Розетка/002225_0c560778-13ee-4424-a8bb-694676c3a68c.jpg,field_bindweed,rosette,reference_camera,field_bindweed_rosette_g004,test,002225_0c560778-13ee-4424-a8bb-694676c3a68c.jpg
Dataset 1 кейс/Сорняки/Вьюнок полевой/Розетка/002226_0595f938-a4ef-49cd-95c8-8f89c6c847dd.jpg,field_bindweed,rosette,reference_camera,field_bindweed_rosette_g004,test,002226_0595f938-a4ef-49cd-95c8-8f89c6c847dd.jpg
Dataset 1 кейс/Сорняки/Вьюнок полевой/Розетка/002227_9ad3eab6-f5c5-4023-b7e4-3a20acbb3e85.jpg,field_bindweed,rosette,reference_camera,field_bindweed_rosette_g004,test,002227_9ad3eab6-f5c5-4023-b7e4-3a20acbb3e85.jpg
Dataset 1 кейс/Сорняки/Вьюнок полевой/Розетка/002228_89f4fe0f-b687-4350-adac-830b23a692c4.jpg,field_bindweed,rosette,reference_camera,field_bindweed_rosette_g004,test,002228_89f4fe0f-b687-4350-adac-830b23a692c4.jpg
Dataset 1 кейс/Сорняки/Вьюнок полевой/Розетка/002229_39eae23d-8b95-4f1a-97f5-24d09a113852.jpg,field_bindweed,rosette,reference_camera,field_bindweed_rosette_g004,test,002229_39eae23d-8b95-4f1a-97f5-24d09a113852.jpg
Dataset 1 кейс/Сорняки/Вьюнок полевой/Розетка/002230_d9f626c3-a52b-4791-ac51-b4030d657378.jpg,field_bindweed,rosette,reference_camera,field_bindweed_rosette_g004,test,002230_d9f626c3-a52b-4791-ac51-b4030d657378.jpg
Dataset 1 кейс/Сорняки/Вьюнок полевой/Розетка/002231_b826b7c5-ba1c-4f1d-b4d8-e3f95b9f5c9b.jpg,field_bindweed,rosette,reference_camera,field_bindweed_rosette_g004,test,002231_b826b7c5-ba1c-4f1d-b4d8-e3f95b9f5c9b.jpg
Dataset 1 кейс/Сорняки/Вьюнок полевой/Розетка/002232_e2d29eb9-6487-462a-8e4a-7cf3df5ebdbe.jpg,field_bindweed,rosette,reference_camera,field_bindweed_rosette_g004,test,002232_e2d29eb9-6487-462a-8e4a-7cf3df5ebdbe.jpg
Dataset 1 кейс/Сорняки/Вьюнок полевой/Розетка/002233_28572c2c-2230-4a08-bfdb-091388797149.jpg,field_bindweed,rosette,reference_camera,field_bindweed_rosette_g004,test,002233_28572c2c-2230-4a08-bfdb-091388797149.jpg
Dataset 1 кейс/Сорняки/Вьюнок полевой/Розетка/002234_8d2e58ae-61b6-4b4b-b62a-46d1de94e8b6.jpg,field_bindweed,rosette,reference_camera,field_bindweed_rosette_g004,test,002234_8d2e58ae-61b6-4b4b-b62a-46d1de94e8b6.jpg
Dataset 1 кейс/Сорняки/Вьюнок полевой/Розетка/002235_cc5fcb2d-380c-49b3-9ad1-66360f968ac9.jpg,field_bindweed,rosette,reference_camera,field_bindweed_rosette_g004,test,002235_cc5fcb2d-380c-49b3-9ad1-66360f968ac9.jpg
Dataset 1 кейс/Сорняки/Вьюнок полевой/Розетка/002236_c6db8c67-afc7-4db8-b82c-060b905a0a94.jpg,field_bindweed,rosette,reference_camera,field_bindweed_rosette_g004,test,002236_c6db8c67-afc7-4db8-b82c-060b905a0a94.jpg
Dataset 1 кейс/Сорняки/Вьюнок полевой/Розетка/002237_3a95e84a-76e0-4fe2-9e48-cae0d64933bf.jpg,field_bindweed,rosette,reference_camera,field_bindweed_rosette_g004,test,002237_3a95e84a-76e0-4fe2-9e48-cae0d64933bf.jpg
Dataset 1 кейс/Сорняки/Вьюнок полевой/Розетка/002238_99e8dcf5-d491-4265-9b74-87ab03feaba2.jpg,field_bindweed,rosette,reference_camera,field_bindweed_rosette_g004,test,002238_99e8dcf5-d491-4265-9b74-87ab03feaba2.jpg
Dataset 1 кейс/Сорняки/Вьюнок полевой/Розетка/002239_16a47f09-82fa-45fe-9a9c-479d17e85813.jpg,field_bindweed,rosette,reference_camera,field_bindweed_rosette_g004,test,002239_16a47f09-82fa-45fe-9a9c-479d17e85813.jpg
Dataset 1 кейс/Сорняки/Вьюнок полевой/Розетка/002240_e520ddd5-b062-473c-b898-39d69c1a4abc.jpg,field_bindweed,rosette,reference_camera,field_bindweed_rosette_g004,test,002240_e520ddd5-b062-473c-b898-39d69c1a4abc.jpg
Dataset 1 кейс/Сорняки/Вьюнок полевой/Розетка/002241_559e9614-71b1-4f24-9924-06e797850b91.jpg,field_bindweed,rosette,reference_camera,field_bindweed_rosette_g004,test,002241_559e9614-71b1-4f24-9924-06e797850b91.jpg
Dataset 1 кейс/Сорняки/Вьюнок полевой/Розетка/002242_8691970a-7a46-454c-ac33-d8f351ffeaeb.jpg,field_bindweed,rosette,reference_camera,field_bindweed_rosette_g004,test,002242_8691970a-7a46-454c-ac33-d8f351ffeaeb.jpg
Dataset 1 кейс/Сорняки/Вьюнок полевой/Розетка/002243_033fadc1-ffb4-4bc4-8269-1c0213e6215e.jpg,field_bindweed,rosette,reference_camera,field_bindweed_rosette_g004,test,002243_033fadc1-ffb4-4bc4-8269-1c0213e6215e.jpg
Dataset 1 кейс/Сорняки/Вьюнок полевой/Стеблевание/000001_4f3a1411-4c6c-4e26-9a9e-450d9f6d7299.jpg,field_bindweed,stem_elongation,reference_camera,field_bindweed_stem_elongation_g001,train,000001_4f3a1411-4c6c-4e26-9a9e-450d9f6d7299.jpg
Dataset 1 кейс/Сорняки/Вьюнок полевой/Стеблевание/000002_a98fb45d-a563-478f-8709-88e9670798e6.jpg,field_bindweed,stem_elongation,reference_camera,field_bindweed_stem_elongation_g001,train,000002_a98fb45d-a563-478f-8709-88e9670798e6.jpg
Dataset 1 кейс/Сорняки/Вьюнок полевой/Стеблевание/000003_1cf11f22-80d5-4329-9c53-99103e992706.jpg,field_bindweed,stem_elongation,reference_camera,field_bindweed_stem_elongation_g001,train,000003_1cf11f22-80d5-4329-9c53-99103e992706.jpg
Dataset 1 кейс/Сорняки/Вьюнок полевой/Стеблевание/000240_5458c54a-d714-451f-8c94-0a2ffe42f362.jpg,field_bindweed,stem_elongation,reference_camera,field_bindweed_stem_elongation_g002,train,000240_5458c54a-d714-451f-8c94-0a2ffe42f362.jpg
Dataset 1 кейс/Сорняки/Вьюнок полевой/Стеблевание/000241_d86d4855-db17-4a39-81ad-8c544aff93a3.jpg,field_bindweed,stem_elongation,reference_camera,field_bindweed_stem_elongation_g002,train,000241_d86d4855-db17-4a39-81ad-8c544aff93a3.jpg
Dataset 1 кейс/Сорняки/Вьюнок полевой/Стеблевание/000242_c6939455-9e4c-4bac-88fd-f123c1bf08e4.jpg,field_bindweed,stem_elongation,reference_camera,field_bindweed_stem_elongation_g002,train,000242_c6939455-9e4c-4bac-88fd-f123c1bf08e4.jpg
Dataset 1 кейс/Сорняки/Вьюнок полевой/Стеблевание/000243_b4569b03-58ef-4e94-9012-4376b64ce056.jpg,field_bindweed,stem_elongation,reference_camera,field_bindweed_stem_elongation_g002,train,000243_b4569b03-58ef-4e94-9012-4376b64ce056.jpg
Dataset 1 кейс/Сорняки/Вьюнок полевой/Стеблевание/000244_28abce23-3e23-4e4d-ba60-31d6b293952a.jpg,field_bindweed,stem_elongation,reference_camera,field_bindweed_stem_elongation_g002,train,000244_28abce23-3e23-4e4d-ba60-31d6b293952a.jpg
Dataset 1 кейс/Сорняки/Вьюнок полевой/Стеблевание/000245_7c6ddaed-aafb-46fc-b97d-a5ab79800c71.jpg,field_bindweed,stem_elongation,reference_camera,field_bindweed_stem_elongation_g002,train,000245_7c6ddaed-aafb-46fc-b97d-a5ab79800c71.jpg
Dataset 1 кейс/Сорняки/Вьюнок полевой/Стеблевание/000246_a59900bb-8f29-4f60-abe6-779a015fe73e.jpg,field_bindweed,stem_elongation,reference_camera,field_bindweed_stem_elongation_g002,train,000246_a59900bb-8f29-4f60-abe6-779a015fe73e.jpg
Dataset 1 кейс/Сорняки/Вьюнок полевой/Стеблевание/000247_dfae140e-82b2-4eec-b708-e9b6952f23ca.jpg,field_bindweed,stem_elongation,reference_camera,field_bindweed_stem_elongation_g002,train,000247_dfae140e-82b2-4eec-b708-e9b6952f23ca.jpg
Dataset 1 кейс/Сорняки/Вьюнок полевой/Стеблевание/000248_ae1569f0-df64-46d4-97a4-709c0a0156a7.jpg,field_bindweed,stem_elongation,reference_camera,field_bindweed_stem_elongation_g002,train,000248_ae1569f0-df64-46d4-97a4-709c0a0156a7.jpg
Dataset 1 кейс/Сорняки/Вьюнок полевой/Стеблевание/000249_a01cc46c-e8b7-41ae-bb57-88fa4cc9c7de.jpg,field_bindweed,stem_elongation,reference_camera,field_bindweed_stem_elongation_g002,train,000249_a01cc46c-e8b7-41ae-bb57-88fa4cc9c7de.jpg
Dataset 1 кейс/Сорняки/Вьюнок полевой/Стеблевание/000250_d5456d06-0f46-4377-a446-0ba0a097200e.jpg,field_bindweed,stem_elongation,reference_camera,field_bindweed_stem_elongation_g002,train,000250_d5456d06-0f46-4377-a446-0ba0a097200e.jpg
Dataset 1 кейс/Сорняки/Вьюнок полевой/Стеблевание/000251_5e038b59-7597-482f-8187-2c6f5952419e.jpg,field_bindweed,stem_elongation,reference_camera,field_bindweed_stem_elongation_g002,train,000251_5e038b59-7597-482f-8187-2c6f5952419e.jpg
Dataset 1 кейс/Сорняки/Вьюнок полевой/Стеблевание/000252_f0fa2114-d666-41bc-826d-8d6d22606397.jpg,field_bindweed,stem_elongation,reference_camera,field_bindweed_stem_elongation_g002,train,000252_f0fa2114-d666-41bc-826d-8d6d22606397.jpg
Dataset 1 кейс/Сорняки/Вьюнок полевой/Стеблевание/000253_a65345b7-44da-46aa-adf6-a8a5c6e933fb.jpg,field_bindweed,stem_elongation,reference_camera,field_bindweed_stem_elongation_g002,train,000253_a65345b7-44da-46aa-adf6-a8a5c6e933fb.jpg
Dataset 1 кейс/Сорняки/Вьюнок полевой/Стеблевание/000254_382653c6-bd6b-4da1-a8ef-8a934249eb75.jpg,field_bindweed,stem_elongation,reference_camera,field_bindweed_stem_elongation_g002,train,000254_382653c6-bd6b-4da1-a8ef-8a934249eb75.jpg
Dataset 1 кейс/Сорняки/Вьюнок полевой/Стеблевание/000255_3d67541a-754a-40c6-a46f-b017a9fbe049.jpg,field_bindweed,stem_elongation,reference_camera,field_bindweed_stem_elongation_g002,train,000255_3d67541a-754a-40c6-a46f-b017a9fbe049.jpg
Dataset 1 кейс/Сорняки/Вьюнок полевой/Стеблевание/000256_ed34c227-d096-45c1-90b5-6405e06a7da4.jpg,field_bindweed,stem_elongation,reference_camera,field_bindweed_stem_elongation_g002,train,000256_ed34c227-d096-45c1-90b5-6405e06a7da4.jpg
Dataset 1 кейс/Сорняки/Вьюнок полевой/Стеблевание/000257_5f771df0-b2f9-4b09-b20b-2aaa0ccf5216.jpg,field_bindweed,stem_elongation,reference_camera,field_bindweed_stem_elongation_g002,train,000257_5f771df0-b2f9-4b09-b20b-2aaa0ccf5216.jpg
Dataset 1 кейс/Сорняки/Вьюнок полевой/Стеблевание/000258_6abf1949-370e-415d-aaaa-8c430714d67c.jpg,field_bindweed,stem_elongation,reference_camera,field_bindweed_stem_elongation_g002,train,000258_6abf1949-370e-415d-aaaa-8c430714d67c.jpg
Dataset 1 кейс/Сорняки/Вьюнок полевой/Стеблевание/000259_779dd7d6-a86f-4e37-b160-fce6789d3852.jpg,field_bindweed,stem_elongation,reference_camera,field_bindweed_stem_elongation_g002,train,000259_779dd7d6-a86f-4e37-b160-fce6789d3852.jpg
Dataset 1 кейс/Сорняки/Вьюнок полевой/Стеблевание/000260_1c5c6b5e-b18a-45d5-bf62-9c3f9ca313fc.jpg,field_bindweed,stem_elongation,reference_camera,field_bindweed_stem_elongation_g002,train,000260_1c5c6b5e-b18a-45d5-bf62-9c3f9ca313fc.jpg
Dataset 1 кейс/Сорняки/Вьюнок полевой/Стеблевание/000266_b3496af4-bb66-4401-95a5-5611252fce1c.jpg,field_bindweed,stem_elongation,reference_camera,field_bindweed_stem_elongation_g002,train,000266_b3496af4-bb66-4401-95a5-5611252fce1c.jpg
Dataset 1 кейс/Сорняки/Вьюнок полевой/Стеблевание/000347_62316cb5-913f-48fa-8c27-f3e505c9c01f.jpg,field_bindweed,stem_elongation,reference_camera,field_bindweed_stem_elongation_g003,train,000347_62316cb5-913f-48fa-8c27-f3e505c9c01f.jpg
Dataset 1 кейс/Сорняки/Вьюнок полевой/Стеблевание/000348_6bd9f8cd-2fd1-46ae-8930-8ecd671d6061.jpg,field_bindweed,stem_elongation,reference_camera,field_bindweed_stem_elongation_g003,train,000348_6bd9f8cd-2fd1-46ae-8930-8ecd671d6061.jpg
Dataset 1 кейс/Сорняки/Вьюнок полевой/Стеблевание/000349_c37bef88-a17b-4145-98c7-3ca83d44f4fb.jpg,field_bindweed,stem_elongation,reference_camera,field_bindweed_stem_elongation_g003,train,000349_c37bef88-a17b-4145-98c7-3ca83d44f4fb.jpg
Dataset 1 кейс/Сорняки/Вьюнок полевой/Стеблевание/000350_63b77a9c-a23e-4c1e-90ba-969df731d63a.jpg,field_bindweed,stem_elongation,reference_camera,field_bindweed_stem_elongation_g003,train,000350_63b77a9c-a23e-4c1e-90ba-969df731d63a.jpg
Dataset 1 кейс/Сорняки/Вьюнок полевой/Стеблевание/000351_55579191-f81e-4502-b248-7252d0635ae1.jpg,field_bindweed,stem_elongation,reference_camera,field_bindweed_stem_elongation_g003,train,000351_55579191-f81e-4502-b248-7252d0635ae1.jpg
Dataset 1 кейс/Сорняки/Вьюнок полевой/Стеблевание/000352_d0b1b215-56ec-4761-b022-3bf7e55cda94.jpg,field_bindweed,stem_elongation,reference_camera,field_bindweed_stem_elongation_g003,train,000352_d0b1b215-56ec-4761-b022-3bf7e55cda94.jpg
Dataset 1 кейс/Сорняки/Вьюнок полевой/Стеблевание/000353_6655aff9-4b6e-49f5-9212-6574a0f20cdb.jpg,field_bindweed,stem_elongation,reference_camera,field_bindweed_stem_elongation_g003,train,000353_6655aff9-4b6e-49f5-9212-6574a0f20cdb.jpg
Dataset 1 кейс/Сорняки/Вьюнок полевой/Стеблевание/000354_e0b85b52-966e-4277-b99d-93fc8a8e7112.jpg,field_bindweed,stem_elongation,reference_camera,field_bindweed_stem_elongation_g003,train,000354_e0b85b52-966e-4277-b99d-93fc8a8e7112.jpg
Dataset 1 кейс/Сорняки/Вьюнок полевой/Стеблевание/000355_8da8f48b-a0a0-499a-b771-db2fbd50cdb3.jpg,field_bindweed,stem_elongation,reference_camera,field_bindweed_stem_elongation_g003,train,000355_8da8f48b-a0a0-499a-b771-db2fbd50cdb3.jpg
Dataset 1 кейс/Сорняки/Вьюнок полевой/Стеблевание/000356_e114f4b8-b7a4-49b3-ad55-1ce58ab67871.jpg,field_bindweed,stem_elongation,reference_camera,field_bindweed_stem_elongation_g003,train,000356_e114f4b8-b7a4-49b3-ad55-1ce58ab67871.jpg
Dataset 1 кейс/Сорняки/Вьюнок полевой/Стеблевание/000357_43fc421f-1201-44bf-a9d1-3dbfba7c30a5.jpg,field_bindweed,stem_elongation,reference_camera,field_bindweed_stem_elongation_g003,train,000357_43fc421f-1201-44bf-a9d1-3dbfba7c30a5.jpg
Dataset 1 кейс/Сорняки/Вьюнок полевой/Стеблевание/000358_d05ce4e1-8b2a-4a7e-85fa-a56738ab625b.jpg,field_bindweed,stem_elongation,reference_camera,field_bindweed_stem_elongation_g003,train,000358_d05ce4e1-8b2a-4a7e-85fa-a56738ab625b.jpg
Dataset 1 кейс/Сорняки/Вьюнок полевой/Стеблевание/000359_bee92f8d-8fd7-4c3f-a0d1-bc2bcb30d4c9.jpg,field_bindweed,stem_elongation,reference_camera,field_bindweed_stem_elongation_g003,train,000359_bee92f8d-8fd7-4c3f-a0d1-bc2bcb30d4c9.jpg
Dataset 1 кейс/Сорняки/Вьюнок полевой/Стеблевание/000360_9e5b2165-22e2-42c8-89a8-5278db408760.jpg,field_bindweed,stem_elongation,reference_camera,field_bindweed_stem_elongation_g003,train,000360_9e5b2165-22e2-42c8-89a8-5278db408760.jpg
Dataset 1 кейс/Сорняки/Вьюнок полевой/Стеблевание/000361_63a99fa9-4954-450e-9c42-0c10506b0cc6.jpg,field_bindweed,stem_elongation,reference_camera,field_bindweed_stem_elongation_g003,train,000361_63a99fa9-4954-450e-9c42-0c10506b0cc6.jpg
Dataset 1 кейс/Сорняки/Вьюнок полевой/Стеблевание/000362_2d8c0a92-fff2-4ebc-85f6-3e29c0d1133e.jpg,field_bindweed,stem_elongation,reference_camera,field_bindweed_stem_elongation_g003,train,000362_2d8c0a92-fff2-4ebc-85f6-3e29c0d1133e.jpg
Dataset 1 кейс/Сорняки/Вьюнок полевой/Стеблевание/000363_65d0232f-fbf1-452d-ab2a-fa9c660ecfd5.jpg,field_bindweed,stem_elongation,reference_camera,field_bindweed_stem_elongation_g003,train,000363_65d0232f-fbf1-452d-ab2a-fa9c660ecfd5.jpg
Dataset 1 кейс/Сорняки/Вьюнок полевой/Стеблевание/000364_3cf45040-72fa-46b1-a9cc-f85acf966ecd.jpg,field_bindweed,stem_elongation,reference_camera,field_bindweed_stem_elongation_g003,train,000364_3cf45040-72fa-46b1-a9cc-f85acf966ecd.jpg
Dataset 1 кейс/Сорняки/Вьюнок полевой/Стеблевание/000391_35cf1baf-ffc7-4350-90bb-be17cec57299.jpg,field_bindweed,stem_elongation,reference_camera,field_bindweed_stem_elongation_g004,train,000391_35cf1baf-ffc7-4350-90bb-be17cec57299.jpg
Dataset 1 кейс/Сорняки/Вьюнок полевой/Стеблевание/000392_1cd5de9a-26cb-4ad8-82c9-cefb75d75cc7.jpg,field_bindweed,stem_elongation,reference_camera,field_bindweed_stem_elongation_g004,train,000392_1cd5de9a-26cb-4ad8-82c9-cefb75d75cc7.jpg
Dataset 1 кейс/Сорняки/Вьюнок полевой/Стеблевание/000393_10fcc100-6ae1-4364-90e0-724eb126c15e.jpg,field_bindweed,stem_elongation,reference_camera,field_bindweed_stem_elongation_g004,train,000393_10fcc100-6ae1-4364-90e0-724eb126c15e.jpg
Dataset 1 кейс/Сорняки/Вьюнок полевой/Стеблевание/000394_d49b436c-c1a9-4262-95ae-b3bf9656ac02.jpg,field_bindweed,stem_elongation,reference_camera,field_bindweed_stem_elongation_g004,train,000394_d49b436c-c1a9-4262-95ae-b3bf9656ac02.jpg
Dataset 1 кейс/Сорняки/Вьюнок полевой/Стеблевание/000395_f7ccbb9f-e114-4960-8145-ce3249506822.jpg,field_bindweed,stem_elongation,reference_camera,field_bindweed_stem_elongation_g004,train,000395_f7ccbb9f-e114-4960-8145-ce3249506822.jpg
Dataset 1 кейс/Сорняки/Вьюнок полевой/Стеблевание/000396_3400725f-9d55-49a5-a233-4b45c5be5651.jpg,field_bindweed,stem_elongation,reference_camera,field_bindweed_stem_elongation_g004,train,000396_3400725f-9d55-49a5-a233-4b45c5be5651.jpg
Dataset 1 кейс/Сорняки/Вьюнок полевой/Стеблевание/000397_afc73625-9aa5-4d8f-96f7-039b57336597.jpg,field_bindweed,stem_elongation,reference_camera,field_bindweed_stem_elongation_g004,train,000397_afc73625-9aa5-4d8f-96f7-039b57336597.jpg
Dataset 1 кейс/Сорняки/Вьюнок полевой/Стеблевание/000398_cf9f23bf-5dad-4c93-b0e4-0122d2fa045b.jpg,field_bindweed,stem_elongation,reference_camera,field_bindweed_stem_elongation_g004,train,000398_cf9f23bf-5dad-4c93-b0e4-0122d2fa045b.jpg
Dataset 1 кейс/Сорняки/Вьюнок полевой/Стеблевание/000399_e29df0ae-a299-4ef2-a4cb-072390aeb834.jpg,field_bindweed,stem_elongation,reference_camera,field_bindweed_stem_elongation_g004,train,000399_e29df0ae-a299-4ef2-a4cb-072390aeb834.jpg
Dataset 1 кейс/Сорняки/Вьюнок полевой/Стеблевание/000400_8dc4644e-3843-40aa-883a-ee6c6518d4e5.jpg,field_bindweed,stem_elongation,reference_camera,field_bindweed_stem_elongation_g004,train,000400_8dc4644e-3843-40aa-883a-ee6c6518d4e5.jpg
Dataset 1 кейс/Сорняки/Вьюнок полевой/Стеблевание/000401_ff2469af-9e60-4a52-a1e2-9f9c48163fb7.jpg,field_bindweed,stem_elongation,reference_camera,field_bindweed_stem_elongation_g004,train,000401_ff2469af-9e60-4a52-a1e2-9f9c48163fb7.jpg
Dataset 1 кейс/Сорняки/Вьюнок полевой/Стеблевание/000402_1e934f8c-6374-4970-949c-b3d1f6cf19f6.jpg,field_bindweed,stem_elongation,reference_camera,field_bindweed_stem_elongation_g004,train,000402_1e934f8c-6374-4970-949c-b3d1f6cf19f6.jpg
Dataset 1 кейс/Сорняки/Вьюнок полевой/Стеблевание/000403_ea8502be-04c2-4500-a52e-b315f5db73a5.jpg,field_bindweed,stem_elongation,reference_camera,field_bindweed_stem_elongation_g004,train,000403_ea8502be-04c2-4500-a52e-b315f5db73a5.jpg
Dataset 1 кейс/Сорняки/Вьюнок полевой/Стеблевание/000404_3bb9c240-43ad-45bf-a537-b48274d7e002.jpg,field_bindweed,stem_elongation,reference_camera,field_bindweed_stem_elongation_g004,train,000404_3bb9c240-43ad-45bf-a537-b48274d7e002.jpg
Dataset 1 кейс/Сорняки/Вьюнок полевой/Стеблевание/000405_173afe11-d7be-439b-8b15-7f7eb3e8943c.jpg,field_bindweed,stem_elongation,reference_camera,field_bindweed_stem_elongation_g004,train,000405_173afe11-d7be-439b-8b15-7f7eb3e8943c.jpg
Dataset 1 кейс/Сорняки/Вьюнок полевой/Стеблевание/000406_b3f672c9-d7e8-48c1-b9cc-dd06cf2520d4.jpg,field_bindweed,stem_elongation,reference_camera,field_bindweed_stem_elongation_g004,train,000406_b3f672c9-d7e8-48c1-b9cc-dd06cf2520d4.jpg
Dataset 1 кейс/Сорняки/Вьюнок полевой/Стеблевание/000407_c4e8f7cf-71ff-435a-9533-f8f47c3426bd.jpg,field_bindweed,stem_elongation,reference_camera,field_bindweed_stem_elongation_g004,train,000407_c4e8f7cf-71ff-435a-9533-f8f47c3426bd.jpg
Dataset 1 кейс/Сорняки/Вьюнок полевой/Стеблевание/000408_3a624d17-3dba-41d1-89fb-d2471b88c606.jpg,field_bindweed,stem_elongation,reference_camera,field_bindweed_stem_elongation_g004,train,000408_3a624d17-3dba-41d1-89fb-d2471b88c606.jpg
Dataset 1 кейс/Сорняки/Вьюнок полевой/Стеблевание/000409_a35730e9-6214-475d-ad9a-4eddeeb1b37d.jpg,field_bindweed,stem_elongation,reference_camera,field_bindweed_stem_elongation_g004,train,000409_a35730e9-6214-475d-ad9a-4eddeeb1b37d.jpg
Dataset 1 кейс/Сорняки/Вьюнок полевой/Стеблевание/000410_29bde29d-48b7-4363-b3bb-e992098e0760.jpg,field_bindweed,stem_elongation,reference_camera,field_bindweed_stem_elongation_g004,train,000410_29bde29d-48b7-4363-b3bb-e992098e0760.jpg
Dataset 1 кейс/Сорняки/Вьюнок полевой/Стеблевание/000411_71eadf52-9aea-4a58-8a1c-49495d5bf93d.jpg,field_bindweed,stem_elongation,reference_camera,field_bindweed_stem_elongation_g004,train,000411_71eadf52-9aea-4a58-8a1c-49495d5bf93d.jpg
Dataset 1 кейс/Сорняки/Вьюнок полевой/Стеблевание/000412_cc76c898-1d18-47c7-9e96-c139b5a24d4b.jpg,field_bindweed,stem_elongation,reference_camera,field_bindweed_stem_elongation_g004,train,000412_cc76c898-1d18-47c7-9e96-c139b5a24d4b.jpg
Dataset 1 кейс/Сорняки/Вьюнок полевой/Стеблевание/000413_b9be0449-a44f-419e-95df-080b68b4f385.jpg,field_bindweed,stem_elongation,reference_camera,field_bindweed_stem_elongation_g004,train,000413_b9be0449-a44f-419e-95df-080b68b4f385.jpg
Dataset 1 кейс/Сорняки/Вьюнок полевой/Стеблевание/000414_a07fdc9d-65bc-4d89-a85d-7f3ed3b8a6ce.jpg,field_bindweed,stem_elongation,reference_camera,field_bindweed_stem_elongation_g004,train,000414_a07fdc9d-65bc-4d89-a85d-7f3ed3b8a6ce.jpg
Dataset 1 кейс/Сорняки/Вьюнок полевой/Стеблевание/000415_28bf1f8c-9987-4c32-9c7b-c326abf067a5.jpg,field_bindweed,stem_elongation,reference_camera,field_bindweed_stem_elongation_g004,train,000415_28bf1f8c-9987-4c32-9c7b-c326abf067a5.jpg
Dataset 1 кейс/Сорняки/Вьюнок полевой/Стеблевание/000416_1b1c9b25-1bc4-4998-a36c-2ef4d0358440.jpg,field_bindweed,stem_elongation,reference_camera,field_bindweed_stem_elongation_g004,train,000416_1b1c9b25-1bc4-4998-a36c-2ef4d0358440.jpg
Dataset 1 кейс/Сорняки/Вьюнок полевой/Стеблевание/000417_a3ecb99b-15e8-4612-a895-156bd71fb63d.jpg,field_bindweed,stem_elongation,reference_camera,field_bindweed_stem_elongation_g004,train,000417_a3ecb99b-15e8-4612-a895-156bd71fb63d.jpg
Dataset 1 кейс/Сорняки/Вьюнок полевой/Стеблевание/000418_6271b098-ac26-4d8e-9f56-6946263430a2.jpg,field_bindweed,stem_elongation,reference_camera,field_bindweed_stem_elongation_g004,val,000418_6271b098-ac26-4d8e-9f56-6946263430a2.jpg
Dataset 1 кейс/Сорняки/Вьюнок полевой/Стеблевание/000419_fd5a19c1-38ca-461d-b25c-d878784b368a.jpg,field_bindweed,stem_elongation,reference_camera,field_bindweed_stem_elongation_g004,val,000419_fd5a19c1-38ca-461d-b25c-d878784b368a.jpg
Dataset 1 кейс/Сорняки/Вьюнок полевой/Стеблевание/000420_2681a6a6-a15f-4e9b-902e-9a3dc375895b.jpg,field_bindweed,stem_elongation,reference_camera,field_bindweed_stem_elongation_g004,val,000420_2681a6a6-a15f-4e9b-902e-9a3dc375895b.jpg
Dataset 1 кейс/Сорняки/Вьюнок полевой/Стеблевание/000421_4417c820-2271-4843-bdb2-327d2752d6d2.jpg,field_bindweed,stem_elongation,reference_camera,field_bindweed_stem_elongation_g004,val,000421_4417c820-2271-4843-bdb2-327d2752d6d2.jpg
Dataset 1 кейс/Сорняки/Вьюнок полевой/Стеблевание/000422_e76bf7df-f904-4d8f-b2ce-95693eff51a4.jpg,field_bindweed,stem_elongation,reference_camera,field_bindweed_stem_elongation_g004,val,000422_e76bf7df-f904-4d8f-b2ce-95693eff51a4.jpg
Dataset 1 кейс/Сорняки/Вьюнок полевой/Стеблевание/000423_dcdb44f0-9653-4d2b-984e-6828fbaf0a2e.jpg,field_bindweed,stem_elongation,reference_camera,field_bindweed_stem_elongation_g004,val,000423_dcdb44f0-9653-4d2b-984e-6828fbaf0a2e.jpg
Dataset 1 кейс/Сорняки/Вьюнок полевой/Стеблевание/000424_ea8d4e55-95af-4c41-8fa0-e86814ccdef0.jpg,field_bindweed,stem_elongation,reference_camera,field_bindweed_stem_elongation_g004,val,000424_ea8d4e55-95af-4c41-8fa0-e86814ccdef0.jpg
Dataset 1 кейс/Сорняки/Вьюнок полевой/Стеблевание/000425_e3249394-a8b1-4ee3-a22e-d08a01e3c7eb.jpg,field_bindweed,stem_elongation,reference_camera,field_bindweed_stem_elongation_g004,val,000425_e3249394-a8b1-4ee3-a22e-d08a01e3c7eb.jpg
Dataset 1 кейс/Сорняки/Вьюнок полевой/Стеблевание/000426_143a0871-2773-4be1-9330-142666d18539.jpg,field_bindweed,stem_elongation,reference_camera,field_bindweed_stem_elongation_g004,val,000426_143a0871-2773-4be1-9330-142666d18539.jpg
Dataset 1 кейс/Сорняки/Вьюнок полевой/Стеблевание/000427_8fa0e0d9-f92c-4375-8963-c643151b365e.jpg,field_bindweed,stem_elongation,reference_camera,field_bindweed_stem_elongation_g004,val,000427_8fa0e0d9-f92c-4375-8963-c643151b365e.jpg
Dataset 1 кейс/Сорняки/Вьюнок полевой/Стеблевание/000428_cf7df99d-9039-4c2b-acd6-8855c47cd5e0.jpg,field_bindweed,stem_elongation,reference_camera,field_bindweed_stem_elongation_g004,val,000428_cf7df99d-9039-4c2b-acd6-8855c47cd5e0.jpg
Dataset 1 кейс/Сорняки/Вьюнок полевой/Стеблевание/000429_8b5131de-b983-4bdf-8d77-089bcef0cd67.jpg,field_bindweed,stem_elongation,reference_camera,field_bindweed_stem_elongation_g004,val,000429_8b5131de-b983-4bdf-8d77-089bcef0cd67.jpg
Dataset 1 кейс/Сорняки/Вьюнок полевой/Стеблевание/000430_ae7086ee-9529-4049-8596-22d512c549ca.jpg,field_bindweed,stem_elongation,reference_camera,field_bindweed_stem_elongation_g004,val,000430_ae7086ee-9529-4049-8596-22d512c549ca.jpg
Dataset 1 кейс/Сорняки/Вьюнок полевой/Стеблевание/000431_b9208adb-b050-44ed-a5b5-a29405103def.jpg,field_bindweed,stem_elongation,reference_camera,field_bindweed_stem_elongation_g004,val,000431_b9208adb-b050-44ed-a5b5-a29405103def.jpg
Dataset 1 кейс/Сорняки/Вьюнок полевой/Стеблевание/000432_ca046675-833b-45fa-a71b-778435582c96.jpg,field_bindweed,stem_elongation,reference_camera,field_bindweed_stem_elongation_g004,val,000432_ca046675-833b-45fa-a71b-778435582c96.jpg
Dataset 1 кейс/Сорняки/Вьюнок полевой/Стеблевание/000433_44b44e7e-da3d-4f21-bd94-1737d569ab74.jpg,field_bindweed,stem_elongation,reference_camera,field_bindweed_stem_elongation_g004,test,000433_44b44e7e-da3d-4f21-bd94-1737d569ab74.jpg
Dataset 1 кейс/Сорняки/Вьюнок полевой/Стеблевание/000434_5ca9a594-58aa-490c-8915-23808370c1ba.jpg,field_bindweed,stem_elongation,reference_camera,field_bindweed_stem_elongation_g004,test,000434_5ca9a594-58aa-490c-8915-23808370c1ba.jpg
Dataset 1 кейс/Сорняки/Вьюнок полевой/Стеблевание/000435_a13513a1-b481-4ee1-97a3-11cd33a38f67.jpg,field_bindweed,stem_elongation,reference_camera,field_bindweed_stem_elongation_g004,test,000435_a13513a1-b481-4ee1-97a3-11cd33a38f67.jpg
Dataset 1 кейс/Сорняки/Вьюнок полевой/Стеблевание/000436_03ccc43d-12a2-4432-ba67-add9c2871027.jpg,field_bindweed,stem_elongation,reference_camera,field_bindweed_stem_elongation_g004,test,000436_03ccc43d-12a2-4432-ba67-add9c2871027.jpg
Dataset 1 кейс/Сорняки/Вьюнок полевой/Стеблевание/000437_3380babe-2f2f-40be-9d47-0e1ea72b76d3.jpg,field_bindweed,stem_elongation,reference_camera,field_bindweed_stem_elongation_g004,test,000437_3380babe-2f2f-40be-9d47-0e1ea72b76d3.jpg
Dataset 1 кейс/Сорняки/Вьюнок полевой/Стеблевание/000438_6dd98b49-f858-41a3-8e58-cc5142d3e044.jpg,field_bindweed,stem_elongation,reference_camera,field_bindweed_stem_elongation_g004,test,000438_6dd98b49-f858-41a3-8e58-cc5142d3e044.jpg
Dataset 1 кейс/Сорняки/Вьюнок полевой/Стеблевание/000439_d1ca90b9-e0f2-47bf-8419-2bedace317cc.jpg,field_bindweed,stem_elongation,reference_camera,field_bindweed_stem_elongation_g004,test,000439_d1ca90b9-e0f2-47bf-8419-2bedace317cc.jpg
Dataset 1 кейс/Сорняки/Вьюнок полевой/Стеблевание/000440_54291407-2ae1-4a8f-90a2-99fb0aec102d.jpg,field_bindweed,stem_elongation,reference_camera,field_bindweed_stem_elongation_g004,test,000440_54291407-2ae1-4a8f-90a2-99fb0aec102d.jpg
Dataset 1 кейс/Сорняки/Вьюнок полевой/Стеблевание/000441_ae6da9c3-794a-4cdf-8e52-01b8acfd7dfe.jpg,field_bindweed,stem_elongation,reference_camera,field_bindweed_stem_elongation_g004,test,000441_ae6da9c3-794a-4cdf-8e52-01b8acfd7dfe.jpg
Dataset 1 кейс/Сорняки/Вьюнок полевой/Стеблевание/000442_ec4f31d8-67a9-4795-893d-68544af753df.jpg,field_bindweed,stem_elongation,reference_camera,field_bindweed_stem_elongation_g004,test,000442_ec4f31d8-67a9-4795-893d-68544af753df.jpg
Dataset 1 кейс/Сорняки/Вьюнок полевой/Стеблевание/000443_b271e99a-252d-4e07-8175-84708cd84b42.jpg,field_bindweed,stem_elongation,reference_camera,field_bindweed_stem_elongation_g004,test,000443_b271e99a-252d-4e07-8175-84708cd84b42.jpg
Dataset 1 кейс/Сорняки/Вьюнок полевой/Стеблевание/000444_3693719c-a85b-4913-8277-ce49afd5ce03.jpg,field_bindweed,stem_elongation,reference_camera,field_bindweed_stem_elongation_g004,test,000444_3693719c-a85b-4913-8277-ce49afd5ce03.jpg
Dataset 1 кейс/Сорняки/Вьюнок полевой/Стеблевание/000445_a9ec7537-63a0-49b0-bc93-7dce5d4c0c33.jpg,field_bindweed,stem_elongation,reference_camera,field_bindweed_stem_elongation_g004,test,000445_a9ec7537-63a0-49b0-bc93-7dce5d4c0c33.jpg
Dataset 1 кейс/Сорняки/Вьюнок полевой/Стеблевание/000446_63480f41-ee99-4de5-af5f-28567aaefc6a.jpg,field_bindweed,stem_elongation,reference_camera,field_bindweed_stem_elongation_g004,test,000446_63480f41-ee99-4de5-af5f-28567aaefc6a.jpg
Dataset 1 кейс/Сорняки/Вьюнок полевой/Стеблевание/000447_f2e254fd-ffe1-4c90-93be-4e4cddb37822.jpg,field_bindweed,stem_elongation,reference_camera,field_bindweed_stem_elongation_g004,test,000447_f2e254fd-ffe1-4c90-93be-4e4cddb37822.jpg
Dataset 1 кейс/Сорняки/Бодяк полевой/Розетка/006889_a4053894-a62a-41b6-bc5d-0a50024e833f.jpg,field_thistle,rosette,reference_camera,field_thistle_rosette_g001,train,006889_a4053894-a62a-41b6-bc5d-0a50024e833f.jpg
Dataset 1 кейс/Сорняки/Бодяк полевой/Розетка/006890_594cc41d-d22e-4aa0-aa7f-2d400a68d29a.jpg,field_thistle,rosette,reference_camera,field_thistle_rosette_g001,train,006890_594cc41d-d22e-4aa0-aa7f-2d400a68d29a.jpg
Dataset 1 кейс/Сорняки/Бодяк полевой/Розетка/006891_8878c659-296c-4bdf-80d0-39caf68c0e11.jpg,field_thistle,rosette,reference_camera,field_thistle_rosette_g001,train,006891_8878c659-296c-4bdf-80d0-39caf68c0e11.jpg
Dataset 1 кейс/Сорняки/Бодяк полевой/Розетка/006892_065f0802-99f2-4293-853c-86c91d07d815.jpg,field_thistle,rosette,reference_camera,field_thistle_rosette_g001,train,006892_065f0802-99f2-4293-853c-86c91d07d815.jpg
Dataset 1 кейс/Сорняки/Бодяк полевой/Розетка/006893_c4e1c23d-5f2e-4c4a-84c2-393059381120.jpg,field_thistle,rosette,reference_camera,field_thistle_rosette_g001,train,006893_c4e1c23d-5f2e-4c4a-84c2-393059381120.jpg
Dataset 1 кейс/Сорняки/Бодяк полевой/Розетка/006894_9b1b5eb6-9652-41b5-abee-88751c0ea06a.jpg,field_thistle,rosette,reference_camera,field_thistle_rosette_g001,train,006894_9b1b5eb6-9652-41b5-abee-88751c0ea06a.jpg
Dataset 1 кейс/Сорняки/Бодяк полевой/Розетка/007111_ef9f8d2b-9536-4506-b85a-b1d494da7b58.jpg,field_thistle,rosette,reference_camera,field_thistle_rosette_g002,train,007111_ef9f8d2b-9536-4506-b85a-b1d494da7b58.jpg
Dataset 1 кейс/Сорняки/Бодяк полевой/Розетка/007112_bc95b1e8-8760-4c88-ae90-a3d3a00ad26b.jpg,field_thistle,rosette,reference_camera,field_thistle_rosette_g002,train,007112_bc95b1e8-8760-4c88-ae90-a3d3a00ad26b.jpg
Dataset 1 кейс/Сорняки/Бодяк полевой/Розетка/009509_96d4c913-01f7-42d3-982a-b65a1a112b47.jpg,field_thistle,rosette,reference_camera,field_thistle_rosette_g003,train,009509_96d4c913-01f7-42d3-982a-b65a1a112b47.jpg
Dataset 1 кейс/Сорняки/Бодяк полевой/Розетка/009510_ce1d5206-5a63-4dc6-89dc-a74d459d72ee.jpg,field_thistle,rosette,reference_camera,field_thistle_rosette_g003,train,009510_ce1d5206-5a63-4dc6-89dc-a74d459d72ee.jpg
Dataset 1 кейс/Сорняки/Бодяк полевой/Розетка/009511_9bd4dc0c-9f7e-454d-95bc-4d427a068b25.jpg,field_thistle,rosette,reference_camera,field_thistle_rosette_g003,train,009511_9bd4dc0c-9f7e-454d-95bc-4d427a068b25.jpg
Dataset 1 кейс/Сорняки/Бодяк полевой/Розетка/009512_27b97870-a4e3-4a36-bf58-b9a1fc95edd9.jpg,field_thistle,rosette,reference_camera,field_thistle_rosette_g003,train,009512_27b97870-a4e3-4a36-bf58-b9a1fc95edd9.jpg
Dataset 1 кейс/Сорняки/Бодяк полевой/Розетка/009513_d00d7e81-2bcf-4c97-bb5b-ed04980207f5.jpg,field_thistle,rosette,reference_camera,field_thistle_rosette_g003,train,009513_d00d7e81-2bcf-4c97-bb5b-ed04980207f5.jpg
Dataset 1 кейс/Сорняки/Бодяк полевой/Розетка/009514_c74e7423-b9a4-4b33-ad96-c0bcc4f7eb89.jpg,field_thistle,rosette,reference_camera,field_thistle_rosette_g003,train,009514_c74e7423-b9a4-4b33-ad96-c0bcc4f7eb89.jpg
Dataset 1 кейс/Сорняки/Бодяк полевой/Розетка/009515_ed4d1f3d-ef53-4f49-ac5e-d51a58668c4b.jpg,field_thistle,rosette,reference_camera,field_thistle_rosette_g003,train,009515_ed4d1f3d-ef53-4f49-ac5e-d51a58668c4b.jpg
Dataset 1 кейс/Сорняки/Бодяк полевой/Розетка/009516_c15cb312-e604-421a-b39a-dc1e74fc8ef7.jpg,field_thistle,rosette,reference_camera,field_thistle_rosette_g003,train,009516_c15cb312-e604-421a-b39a-dc1e74fc8ef7.jpg
Dataset 1 кейс/Сорняки/Бодяк полевой/Розетка/009517_f881b647-d5d1-4778-ba93-2914ba9368ef.jpg,field_thistle,rosette,reference_camera,field_thistle_rosette_g003,train,009517_f881b647-d5d1-4778-ba93-2914ba9368ef.jpg
Dataset 1 кейс/Сорняки/Бодяк полевой/Розетка/009518_c008a498-0a2b-4137-bebf-76176972dd1e.jpg,field_thistle,rosette,reference_camera,field_thistle_rosette_g003,train,009518_c008a498-0a2b-4137-bebf-76176972dd1e.jpg
Dataset 1 кейс/Сорняки/Бодяк полевой/Розетка/009519_6da2ecf1-e761-44f0-91a0-c20993f60426.jpg,field_thistle,rosette,reference_camera,field_thistle_rosette_g003,train,009519_6da2ecf1-e761-44f0-91a0-c20993f60426.jpg
Dataset 1 кейс/Сорняки/Бодяк полевой/Розетка/009520_73f9e6c6-8e6e-4908-b4e9-036246dce122.jpg,field_thistle,rosette,reference_camera,field_thistle_rosette_g003,train,009520_73f9e6c6-8e6e-4908-b4e9-036246dce122.jpg
Dataset 1 кейс/Сорняки/Бодяк полевой/Розетка/009521_f6188edb-f6ab-4370-b956-1fb5b0f57e2b.jpg,field_thistle,rosette,reference_camera,field_thistle_rosette_g003,train,009521_f6188edb-f6ab-4370-b956-1fb5b0f57e2b.jpg
Dataset 1 кейс/Сорняки/Бодяк полевой/Розетка/009522_6e583eac-5e2f-4cdc-aec8-68d7d4c4cf11.jpg,field_thistle,rosette,reference_camera,field_thistle_rosette_g003,train,009522_6e583eac-5e2f-4cdc-aec8-68d7d4c4cf11.jpg
Dataset 1 кейс/Сорняки/Бодяк полевой/Розетка/009523_4f952e8d-8b12-423d-a737-eff7797ef686.jpg,field_thistle,rosette,reference_camera,field_thistle_rosette_g003,train,009523_4f952e8d-8b12-423d-a737-eff7797ef686.jpg
Dataset 1 кейс/Сорняки/Бодяк полевой/Розетка/009524_6d5a58c4-5b68-418a-a358-96ac60f48e77.jpg,field_thistle,rosette,reference_camera,field_thistle_rosette_g003,train,009524_6d5a58c4-5b68-418a-a358-96ac60f48e77.jpg
Dataset 1 кейс/Сорняки/Бодяк полевой/Розетка/009525_e1a6ff10-53be-4f1c-acdd-885400ed4ae0.jpg,field_thistle,rosette,reference_camera,field_thistle_rosette_g003,train,009525_e1a6ff10-53be-4f1c-acdd-885400ed4ae0.jpg
Dataset 1 кейс/Сорняки/Бодяк полевой/Розетка/009526_8f7132af-4405-46d7-9503-f85e49d95bcb.jpg,field_thistle,rosette,reference_camera,field_thistle_rosette_g003,train,009526_8f7132af-4405-46d7-9503-f85e49d95bcb.jpg
Dataset 1 кейс/Сорняки/Бодяк полевой/Розетка/009527_e5ef4972-f856-4f89-905f-f6dc0bb007d1.jpg,field_thistle,rosette,reference_camera,field_thistle_rosette_g003,train,009527_e5ef4972-f856-4f89-905f-f6dc0bb007d1.jpg
Dataset 1 кейс/Сорняки/Бодяк полевой/Розетка/009528_40b05887-1bc9-47bd-9df0-f3b9f7fcc232.jpg,field_thistle,rosette,reference_camera,field_thistle_rosette_g003,train,009528_40b05887-1bc9-47bd-9df0-f3b9f7fcc232.jpg
Dataset 1 кейс/Сорняки/Бодяк полевой/Розетка/009529_408bbf46-20c1-404c-896f-a8084ecca79f.jpg,field_thistle,rosette,reference_camera,field_thistle_rosette_g003,train,009529_408bbf46-20c1-404c-896f-a8084ecca79f.jpg
Dataset 1 кейс/Сорняки/Бодяк полевой/Розетка/009530_1da4b1c6-64e0-4639-9e1c-41764876174c.jpg,field_thistle,rosette,reference_camera,field_thistle_rosette_g003,train,009530_1da4b1c6-64e0-4639-9e1c-41764876174c.jpg
Dataset 1 кейс/Сорняки/Бодяк полевой/Розетка/009531_6e831b4e-9eef-4802-b4b4-d41b1120ecaf.jpg,field_thistle,rosette,reference_camera,field_thistle_rosette_g003,train,009531_6e831b4e-9eef-4802-b4b4-d41b1120ecaf.jpg
Dataset 1 кейс/Сорняки/Бодяк полевой/Розетка/009532_5e39696c-478d-4643-850b-22fd39c9b1e4.jpg,field_thistle,rosette,reference_camera,field_thistle_rosette_g003,train,009532_5e39696c-478d-4643-850b-22fd39c9b1e4.jpg
Dataset 1 кейс/Сорняки/Бодяк полевой/Розетка/009533_56611920-16ec-476c-8226-4e263cfae4da.jpg,field_thistle,rosette,reference_camera,field_thistle_rosette_g003,train,009533_56611920-16ec-476c-8226-4e263cfae4da.jpg
Dataset 1 кейс/Сорняки/Бодяк полевой/Розетка/009534_87932a2c-520a-4733-9e70-b035dd039d79.jpg,field_thistle,rosette,reference_camera,field_thistle_rosette_g003,train,009534_87932a2c-520a-4733-9e70-b035dd039d79.jpg
Dataset 1 кейс/Сорняки/Бодяк полевой/Розетка/009535_fdf7a32f-6b20-47bf-83a6-a79404b06bcf.jpg,field_thistle,rosette,reference_camera,field_thistle_rosette_g003,train,009535_fdf7a32f-6b20-47bf-83a6-a79404b06bcf.jpg
Dataset 1 кейс/Сорняки/Бодяк полевой/Розетка/009536_5cc37f0a-c959-4fd5-9672-c5f1722bac2a.jpg,field_thistle,rosette,reference_camera,field_thistle_rosette_g003,train,009536_5cc37f0a-c959-4fd5-9672-c5f1722bac2a.jpg
Dataset 1 кейс/Сорняки/Бодяк полевой/Розетка/009537_23ccea67-affb-4b86-a024-dfe73f8d713b.jpg,field_thistle,rosette,reference_camera,field_thistle_rosette_g003,train,009537_23ccea67-affb-4b86-a024-dfe73f8d713b.jpg
Dataset 1 кейс/Сорняки/Бодяк полевой/Розетка/009538_a71a872f-7611-44ac-ba35-a27d9bfb4aaf.jpg,field_thistle,rosette,reference_camera,field_thistle_rosette_g003,train,009538_a71a872f-7611-44ac-ba35-a27d9bfb4aaf.jpg
Dataset 1 кейс/Сорняки/Бодяк полевой/Розетка/009539_ae364821-55d8-4106-b783-ea930f4fc42f.jpg,field_thistle,rosette,reference_camera,field_thistle_rosette_g003,train,009539_ae364821-55d8-4106-b783-ea930f4fc42f.jpg
Dataset 1 кейс/Сорняки/Бодяк полевой/Розетка/009540_ff9f98ac-d397-4e88-a1c7-30428f183630.jpg,field_thistle,rosette,reference_camera,field_thistle_rosette_g003,train,009540_ff9f98ac-d397-4e88-a1c7-30428f183630.jpg
Dataset 1 кейс/Сорняки/Бодяк полевой/Розетка/009541_b2db9cdb-51e6-49c9-a730-d4ec0ab363b6.jpg,field_thistle,rosette,reference_camera,field_thistle_rosette_g003,train,009541_b2db9cdb-51e6-49c9-a730-d4ec0ab363b6.jpg
Dataset 1 кейс/Сорняки/Бодяк полевой/Розетка/009542_163002b6-bdbb-4acd-8656-f4ad05cf8d95.jpg,field_thistle,rosette,reference_camera,field_thistle_rosette_g003,train,009542_163002b6-bdbb-4acd-8656-f4ad05cf8d95.jpg
Dataset 1 кейс/Сорняки/Бодяк полевой/Розетка/009543_dcc71716-d675-4988-87b8-b476edcc246b.jpg,field_thistle,rosette,reference_camera,field_thistle_rosette_g003,train,009543_dcc71716-d675-4988-87b8-b476edcc246b.jpg
Dataset 1 кейс/Сорняки/Бодяк полевой/Розетка/009544_f27ccb12-6c53-46c7-b65f-3a7bcad17539.jpg,field_thistle,rosette,reference_camera,field_thistle_rosette_g003,train,009544_f27ccb12-6c53-46c7-b65f-3a7bcad17539.jpg
Dataset 1 кейс/Сорняки/Бодяк полевой/Розетка/009545_bf3f6440-63db-4c7e-b0d5-93b22a340f71.jpg,field_thistle,rosette,reference_camera,field_thistle_rosette_g003,train,009545_bf3f6440-63db-4c7e-b0d5-93b22a340f71.jpg
Dataset 1 кейс/Сорняки/Бодяк полевой/Розетка/009546_364693c7-1144-4d76-a89f-a996cfba4e81.jpg,field_thistle,rosette,reference_camera,field_thistle_rosette_g003,train,009546_364693c7-1144-4d76-a89f-a996cfba4e81.jpg
Dataset 1 кейс/Сорняки/Бодяк полевой/Розетка/009547_31d6deb6-652e-4716-8d55-198f1efb721d.jpg,field_thistle,rosette,reference_camera,field_thistle_rosette_g003,train,009547_31d6deb6-652e-4716-8d55-198f1efb721d.jpg
Dataset 1 кейс/Сорняки/Бодяк полевой/Розетка/009548_092be352-1192-4258-aaf2-66a21af791d5.jpg,field_thistle,rosette,reference_camera,field_thistle_rosette_g003,train,009548_092be352-1192-4258-aaf2-66a21af791d5.jpg
Dataset 1 кейс/Сорняки/Бодяк полевой/Розетка/009549_96df131d-dbbe-40a4-955e-4d2b677b6471.jpg,field_thistle,rosette,reference_camera,field_thistle_rosette_g003,train,009549_96df131d-dbbe-40a4-955e-4d2b677b6471.jpg
Dataset 1 кейс/Сорняки/Бодяк полевой/Розетка/009550_aa9eeb66-3edb-450d-8a42-d189892317f6.jpg,field_thistle,rosette,reference_camera,field_thistle_rosette_g003,train,009550_aa9eeb66-3edb-450d-8a42-d189892317f6.jpg
Dataset 1 кейс/Сорняки/Бодяк полевой/Розетка/009551_3aa830f3-df4f-4eb0-9057-74cea8e40c9b.jpg,field_thistle,rosette,reference_camera,field_thistle_rosette_g003,train,009551_3aa830f3-df4f-4eb0-9057-74cea8e40c9b.jpg
Dataset 1 кейс/Сорняки/Бодяк полевой/Розетка/009552_52cb6d60-ad56-4ed1-b984-6575390e681a.jpg,field_thistle,rosette,reference_camera,field_thistle_rosette_g003,train,009552_52cb6d60-ad56-4ed1-b984-6575390e681a.jpg
Dataset 1 кейс/Сорняки/Бодяк полевой/Розетка/009553_39264c1a-848d-48f9-ae53-4e33dde70264.jpg,field_thistle,rosette,reference_camera,field_thistle_rosette_g003,train,009553_39264c1a-848d-48f9-ae53-4e33dde70264.jpg
Dataset 1 кейс/Сорняки/Бодяк полевой/Розетка/009554_05d21b63-9b2e-41cd-bd8b-3579a29238ca.jpg,field_thistle,rosette,reference_camera,field_thistle_rosette_g003,train,009554_05d21b63-9b2e-41cd-bd8b-3579a29238ca.jpg
Dataset 1 кейс/Сорняки/Бодяк полевой/Розетка/009555_c712e237-2dc2-4e51-93b9-42bbdc92206a.jpg,field_thistle,rosette,reference_camera,field_thistle_rosette_g003,train,009555_c712e237-2dc2-4e51-93b9-42bbdc92206a.jpg
Dataset 1 кейс/Сорняки/Бодяк полевой/Розетка/009556_eedc3915-933d-41e1-9556-179fd1190470.jpg,field_thistle,rosette,reference_camera,field_thistle_rosette_g003,train,009556_eedc3915-933d-41e1-9556-179fd1190470.jpg
Dataset 1 кейс/Сорняки/Бодяк полевой/Розетка/009557_0747c733-40d6-4aa4-b7e8-eca38fee1ec0.jpg,field_thistle,rosette,reference_camera,field_thistle_rosette_g003,train,009557_0747c733-40d6-4aa4-b7e8-eca38fee1ec0.jpg
Dataset 1 кейс/Сорняки/Бодяк полевой/Розетка/009558_20f449da-d97f-4658-bb77-da815b8f98b6.jpg,field_thistle,rosette,reference_camera,field_thistle_rosette_g003,train,009558_20f449da-d97f-4658-bb77-da815b8f98b6.jpg
Dataset 1 кейс/Сорняки/Бодяк полевой/Розетка/009559_f1b92dc2-43e7-4e96-944e-c6c964bf9d9a.jpg,field_thistle,rosette,reference_camera,field_thistle_rosette_g003,train,009559_f1b92dc2-43e7-4e96-944e-c6c964bf9d9a.jpg
Dataset 1 кейс/Сорняки/Бодяк полевой/Розетка/009560_4ca02623-2cf1-4ce0-acf9-b240a3aaf665.jpg,field_thistle,rosette,reference_camera,field_thistle_rosette_g003,train,009560_4ca02623-2cf1-4ce0-acf9-b240a3aaf665.jpg
Dataset 1 кейс/Сорняки/Бодяк полевой/Розетка/009561_6eda7a7f-f9ae-4cc0-8855-1cb389e30607.jpg,field_thistle,rosette,reference_camera,field_thistle_rosette_g003,train,009561_6eda7a7f-f9ae-4cc0-8855-1cb389e30607.jpg
Dataset 1 кейс/Сорняки/Бодяк полевой/Розетка/009562_b5d0690b-fbea-4d56-82b4-163ddb831160.jpg,field_thistle,rosette,reference_camera,field_thistle_rosette_g003,train,009562_b5d0690b-fbea-4d56-82b4-163ddb831160.jpg
Dataset 1 кейс/Сорняки/Бодяк полевой/Розетка/009563_42f6ad95-5404-47fa-b807-28e68bbdbf8e.jpg,field_thistle,rosette,reference_camera,field_thistle_rosette_g003,train,009563_42f6ad95-5404-47fa-b807-28e68bbdbf8e.jpg
Dataset 1 кейс/Сорняки/Бодяк полевой/Розетка/009564_11f4a2f8-6692-4214-a00a-ba7526587d38.jpg,field_thistle,rosette,reference_camera,field_thistle_rosette_g003,train,009564_11f4a2f8-6692-4214-a00a-ba7526587d38.jpg
Dataset 1 кейс/Сорняки/Бодяк полевой/Розетка/009565_68b6dd33-050d-44bd-a993-043d965441de.jpg,field_thistle,rosette,reference_camera,field_thistle_rosette_g003,train,009565_68b6dd33-050d-44bd-a993-043d965441de.jpg
Dataset 1 кейс/Сорняки/Бодяк полевой/Розетка/009566_48851363-dec6-4741-b5b7-f66bdd99587c.jpg,field_thistle,rosette,reference_camera,field_thistle_rosette_g003,train,009566_48851363-dec6-4741-b5b7-f66bdd99587c.jpg
Dataset 1 кейс/Сорняки/Бодяк полевой/Розетка/009567_914d700b-b518-4755-a254-8ade059e6814.jpg,field_thistle,rosette,reference_camera,field_thistle_rosette_g003,train,009567_914d700b-b518-4755-a254-8ade059e6814.jpg
Dataset 1 кейс/Сорняки/Бодяк полевой/Розетка/009568_88b2b441-7946-4beb-b345-378425257529.jpg,field_thistle,rosette,reference_camera,field_thistle_rosette_g003,train,009568_88b2b441-7946-4beb-b345-378425257529.jpg
Dataset 1 кейс/Сорняки/Бодяк полевой/Розетка/009569_4cacc753-9649-4c76-9039-17ae828dc933.jpg,field_thistle,rosette,reference_camera,field_thistle_rosette_g003,train,009569_4cacc753-9649-4c76-9039-17ae828dc933.jpg
Dataset 1 кейс/Сорняки/Бодяк полевой/Розетка/009570_ed9ca62f-527f-47e0-8da3-6c2c2a307db6.jpg,field_thistle,rosette,reference_camera,field_thistle_rosette_g003,train,009570_ed9ca62f-527f-47e0-8da3-6c2c2a307db6.jpg
Dataset 1 кейс/Сорняки/Бодяк полевой/Розетка/009571_dc3ff797-ed0c-4c58-9d14-fbe95ae03675.jpg,field_thistle,rosette,reference_camera,field_thistle_rosette_g003,train,009571_dc3ff797-ed0c-4c58-9d14-fbe95ae03675.jpg
Dataset 1 кейс/Сорняки/Бодяк полевой/Розетка/009572_f958bd92-e5d0-4ef4-bb18-3ed18ae1a8ae.jpg,field_thistle,rosette,reference_camera,field_thistle_rosette_g003,train,009572_f958bd92-e5d0-4ef4-bb18-3ed18ae1a8ae.jpg
Dataset 1 кейс/Сорняки/Бодяк полевой/Розетка/009573_3527ac25-0cc4-4008-a7a2-28c2d870c00f.jpg,field_thistle,rosette,reference_camera,field_thistle_rosette_g003,train,009573_3527ac25-0cc4-4008-a7a2-28c2d870c00f.jpg
Dataset 1 кейс/Сорняки/Бодяк полевой/Розетка/009574_6a7e0019-3460-42bf-8f7e-f9fb4cc198e0.jpg,field_thistle,rosette,reference_camera,field_thistle_rosette_g003,train,009574_6a7e0019-3460-42bf-8f7e-f9fb4cc198e0.jpg
Dataset 1 кейс/Сорняки/Бодяк полевой/Розетка/009575_dd54404a-1c6a-45dd-a5bd-d03f2cafed3d.jpg,field_thistle,rosette,reference_camera,field_thistle_rosette_g003,train,009575_dd54404a-1c6a-45dd-a5bd-d03f2cafed3d.jpg
Dataset 1 кейс/Сорняки/Бодяк полевой/Розетка/009576_d21065ac-01a4-427e-be98-84a2ff2d9cae.jpg,field_thistle,rosette,reference_camera,field_thistle_rosette_g003,train,009576_d21065ac-01a4-427e-be98-84a2ff2d9cae.jpg
Dataset 1 кейс/Сорняки/Бодяк полевой/Розетка/009577_5d794131-e656-4651-8cff-52dfec82383b.jpg,field_thistle,rosette,reference_camera,field_thistle_rosette_g003,train,009577_5d794131-e656-4651-8cff-52dfec82383b.jpg
Dataset 1 кейс/Сорняки/Бодяк полевой/Розетка/009578_59147ab2-b45b-461b-83e3-976c06641972.jpg,field_thistle,rosette,reference_camera,field_thistle_rosette_g003,train,009578_59147ab2-b45b-461b-83e3-976c06641972.jpg
Dataset 1 кейс/Сорняки/Бодяк полевой/Розетка/009579_517eaf04-ca3d-43e9-8c5f-cf1ef174e00d.jpg,field_thistle,rosette,reference_camera,field_thistle_rosette_g003,train,009579_517eaf04-ca3d-43e9-8c5f-cf1ef174e00d.jpg
Dataset 1 кейс/Сорняки/Бодяк полевой/Розетка/009580_059c85e7-19bf-49f9-9b3e-d5b29c3b93c7.jpg,field_thistle,rosette,reference_camera,field_thistle_rosette_g003,val,009580_059c85e7-19bf-49f9-9b3e-d5b29c3b93c7.jpg
Dataset 1 кейс/Сорняки/Бодяк полевой/Розетка/009581_6392816e-f6e9-4e1a-a076-8cb4e916ae57.jpg,field_thistle,rosette,reference_camera,field_thistle_rosette_g003,val,009581_6392816e-f6e9-4e1a-a076-8cb4e916ae57.jpg
Dataset 1 кейс/Сорняки/Бодяк полевой/Розетка/009582_7609f495-93da-4a7c-86af-3f62b6146771.jpg,field_thistle,rosette,reference_camera,field_thistle_rosette_g003,val,009582_7609f495-93da-4a7c-86af-3f62b6146771.jpg
Dataset 1 кейс/Сорняки/Бодяк полевой/Розетка/009583_da33960f-4972-49e0-90d8-bfb5ed745304.jpg,field_thistle,rosette,reference_camera,field_thistle_rosette_g003,val,009583_da33960f-4972-49e0-90d8-bfb5ed745304.jpg
Dataset 1 кейс/Сорняки/Бодяк полевой/Розетка/009584_7cbdd8be-b19e-48ca-af4a-ded6abeba978.jpg,field_thistle,rosette,reference_camera,field_thistle_rosette_g003,val,009584_7cbdd8be-b19e-48ca-af4a-ded6abeba978.jpg
Dataset 1 кейс/Сорняки/Бодяк полевой/Розетка/009585_d69c3cef-c03a-4a72-9828-be83bef98b7c.jpg,field_thistle,rosette,reference_camera,field_thistle_rosette_g003,val,009585_d69c3cef-c03a-4a72-9828-be83bef98b7c.jpg
Dataset 1 кейс/Сорняки/Бодяк полевой/Розетка/009586_2eab5abb-4898-4442-a1bb-1ed8a8f9ab76.jpg,field_thistle,rosette,reference_camera,field_thistle_rosette_g003,val,009586_2eab5abb-4898-4442-a1bb-1ed8a8f9ab76.jpg
Dataset 1 кейс/Сорняки/Бодяк полевой/Розетка/009587_73d0ca38-0d08-4111-9038-ca94791498c8.jpg,field_thistle,rosette,reference_camera,field_thistle_rosette_g003,val,009587_73d0ca38-0d08-4111-9038-ca94791498c8.jpg
Dataset 1 кейс/Сорняки/Бодяк полевой/Розетка/009588_1bf9b5cb-815e-4470-b5f7-c382c690e711.jpg,field_thistle,rosette,reference_camera,field_thistle_rosette_g003,val,009588_1bf9b5cb-815e-4470-b5f7-c382c690e711.jpg
Dataset 1 кейс/Сорняки/Бодяк полевой/Розетка/009589_f7378d54-d53f-45b9-b465-b72b12707d94.jpg,field_thistle,rosette,reference_camera,field_thistle_rosette_g003,val,009589_f7378d54-d53f-45b9-b465-b72b12707d94.jpg
Dataset 1 кейс/Сорняки/Бодяк полевой/Розетка/009590_0f7fd827-1caf-4330-974f-f62b23a7bd8b.jpg,field_thistle,rosette,reference_camera,field_thistle_rosette_g003,val,009590_0f7fd827-1caf-4330-974f-f62b23a7bd8b.jpg
Dataset 1 кейс/Сорняки/Бодяк полевой/Розетка/009591_50a623be-a64a-4190-802d-35af7649d327.jpg,field_thistle,rosette,reference_camera,field_thistle_rosette_g003,val,009591_50a623be-a64a-4190-802d-35af7649d327.jpg
Dataset 1 кейс/Сорняки/Бодяк полевой/Розетка/009592_af269b74-dd17-45bb-99cc-bb84de184e11.jpg,field_thistle,rosette,reference_camera,field_thistle_rosette_g003,val,009592_af269b74-dd17-45bb-99cc-bb84de184e11.jpg
Dataset 1 кейс/Сорняки/Бодяк полевой/Розетка/009593_382c49af-a5ca-44ef-8b95-681a50a7a3f1.jpg,field_thistle,rosette,reference_camera,field_thistle_rosette_g003,val,009593_382c49af-a5ca-44ef-8b95-681a50a7a3f1.jpg
Dataset 1 кейс/Сорняки/Бодяк полевой/Розетка/009594_e47eecd3-ee7e-4296-beb3-1d2e61150450.jpg,field_thistle,rosette,reference_camera,field_thistle_rosette_g003,val,009594_e47eecd3-ee7e-4296-beb3-1d2e61150450.jpg
Dataset 1 кейс/Сорняки/Бодяк полевой/Розетка/009595_7d2df10b-d97d-49f9-8407-daa7358b0876.jpg,field_thistle,rosette,reference_camera,field_thistle_rosette_g003,val,009595_7d2df10b-d97d-49f9-8407-daa7358b0876.jpg
Dataset 1 кейс/Сорняки/Бодяк полевой/Розетка/009596_323916ad-b8bd-4cc5-a015-051af82ace72.jpg,field_thistle,rosette,reference_camera,field_thistle_rosette_g003,val,009596_323916ad-b8bd-4cc5-a015-051af82ace72.jpg
Dataset 1 кейс/Сорняки/Бодяк полевой/Розетка/009597_e53ba766-7e8f-4c14-a1ba-ae04fc0a306f.jpg,field_thistle,rosette,reference_camera,field_thistle_rosette_g003,test,009597_e53ba766-7e8f-4c14-a1ba-ae04fc0a306f.jpg
Dataset 1 кейс/Сорняки/Бодяк полевой/Розетка/009598_6e1690fe-d93c-4d7f-a61d-9ea181318097.jpg,field_thistle,rosette,reference_camera,field_thistle_rosette_g003,test,009598_6e1690fe-d93c-4d7f-a61d-9ea181318097.jpg
Dataset 1 кейс/Сорняки/Бодяк полевой/Розетка/009599_faae474c-9501-4de1-849b-6a9e2b3a9bab.jpg,field_thistle,rosette,reference_camera,field_thistle_rosette_g003,test,009599_faae474c-9501-4de1-849b-6a9e2b3a9bab.jpg
Dataset 1 кейс/Сорняки/Бодяк полевой/Розетка/009600_f127dd2b-e873-4075-867e-8a57e68108e4.jpg,field_thistle,rosette,reference_camera,field_thistle_rosette_g003,test,009600_f127dd2b-e873-4075-867e-8a57e68108e4.jpg
Dataset 1 кейс/Сорняки/Бодяк полевой/Розетка/009601_5adf422e-91f4-4e2e-8382-85925de6afe2.jpg,field_thistle,rosette,reference_camera,field_thistle_rosette_g003,test,009601_5adf422e-91f4-4e2e-8382-85925de6afe2.jpg
Dataset 1 кейс/Сорняки/Бодяк полевой/Розетка/009602_b33063e0-8c8e-4ff2-ba99-9cc96f973e67.jpg,field_thistle,rosette,reference_camera,field_thistle_rosette_g003,test,009602_b33063e0-8c8e-4ff2-ba99-9cc96f973e67.jpg
Dataset 1 кейс/Сорняки/Бодяк полевой/Розетка/009603_62b58aa1-9353-4323-8b56-a53a221541b3.jpg,field_thistle,rosette,reference_camera,field_thistle_rosette_g003,test,009603_62b58aa1-9353-4323-8b56-a53a221541b3.jpg
Dataset 1 кейс/Сорняки/Бодяк полевой/Розетка/009604_35d41964-1e36-4484-bf72-46eee05bd345.jpg,field_thistle,rosette,reference_camera,field_thistle_rosette_g003,test,009604_35d41964-1e36-4484-bf72-46eee05bd345.jpg
Dataset 1 кейс/Сорняки/Бодяк полевой/Розетка/009605_bcdfd0ef-6886-464c-8c08-d03870766f27.jpg,field_thistle,rosette,reference_camera,field_thistle_rosette_g003,test,009605_bcdfd0ef-6886-464c-8c08-d03870766f27.jpg
Dataset 1 кейс/Сорняки/Бодяк полевой/Розетка/009606_beecc105-b346-4bf6-8825-cf0c4f057703.jpg,field_thistle,rosette,reference_camera,field_thistle_rosette_g003,test,009606_beecc105-b346-4bf6-8825-cf0c4f057703.jpg
Dataset 1 кейс/Сорняки/Бодяк полевой/Розетка/009607_3ec46ae5-36eb-4191-bf58-cd383efc421b.jpg,field_thistle,rosette,reference_camera,field_thistle_rosette_g003,test,009607_3ec46ae5-36eb-4191-bf58-cd383efc421b.jpg
Dataset 1 кейс/Сорняки/Бодяк полевой/Розетка/009608_c8261797-ac0b-4860-9343-187bdab1ec8c.jpg,field_thistle,rosette,reference_camera,field_thistle_rosette_g003,test,009608_c8261797-ac0b-4860-9343-187bdab1ec8c.jpg
Dataset 1 кейс/Сорняки/Бодяк полевой/Розетка/009609_7a17a7c2-112c-4303-8717-0ae09e380a45.jpg,field_thistle,rosette,reference_camera,field_thistle_rosette_g003,test,009609_7a17a7c2-112c-4303-8717-0ae09e380a45.jpg
Dataset 1 кейс/Сорняки/Бодяк полевой/Розетка/009610_4a2e203e-def8-42cd-a182-3549421d03eb.jpg,field_thistle,rosette,reference_camera,field_thistle_rosette_g003,test,009610_4a2e203e-def8-42cd-a182-3549421d03eb.jpg
Dataset 1 кейс/Сорняки/Бодяк полевой/Розетка/009611_009b98bd-633c-463f-94e0-567c275de895.jpg,field_thistle,rosette,reference_camera,field_thistle_rosette_g003,test,009611_009b98bd-633c-463f-94e0-567c275de895.jpg
Dataset 1 кейс/Сорняки/Бодяк полевой/Розетка/009612_11821d1a-a564-4336-859c-0ff09861eda1.jpg,field_thistle,rosette,reference_camera,field_thistle_rosette_g003,test,009612_11821d1a-a564-4336-859c-0ff09861eda1.jpg
Dataset 1 кейс/Сорняки/Бодяк полевой/Розетка/009613_96df2d6c-a6c1-4134-bd3a-ca00ae6c8301.jpg,field_thistle,rosette,reference_camera,field_thistle_rosette_g003,test,009613_96df2d6c-a6c1-4134-bd3a-ca00ae6c8301.jpg
Dataset 1 кейс/Сорняки/Бодяк полевой/Розетка/009614_2a40244a-581a-4834-8ad9-69277f6890fe.jpg,field_thistle,rosette,reference_camera,field_thistle_rosette_g003,test,009614_2a40244a-581a-4834-8ad9-69277f6890fe.jpg
Dataset 1 кейс/Сорняки/Бодяк полевой/Стеблевание/000025_8403fb28-2dfc-4e80-8cf8-14ee62086578.jpg,field_thistle,stem_elongation,reference_camera,field_thistle_stem_elongation_g001,train,000025_8403fb28-2dfc-4e80-8cf8-14ee62086578.jpg
Dataset 1 кейс/Сорняки/Бодяк полевой/Стеблевание/000026_30ead528-4cd9-4df9-8e96-20d0a5a82265.jpg,field_thistle,stem_elongation,reference_camera,field_thistle_stem_elongation_g001,train,000026_30ead528-4cd9-4df9-8e96-20d0a5a82265.jpg
Dataset 1 кейс/Сорняки/Бодяк полевой/Стеблевание/000027_6423ee6e-5880-44f0-9b23-b03f912de39a.jpg,field_thistle,stem_elongation,reference_camera,field_thistle_stem_elongation_g001,train,000027_6423ee6e-5880-44f0-9b23-b03f912de39a.jpg
Dataset 1 кейс/Сорняки/Бодяк полевой/Стеблевание/000028_9611ccd0-b598-4130-9a78-030ee2b795aa.jpg,field_thistle,stem_elongation,reference_camera,field_thistle_stem_elongation_g001,train,000028_9611ccd0-b598-4130-9a78-030ee2b795aa.jpg
Dataset 1 кейс/Сорняки/Бодяк полевой/Стеблевание/000029_a701749b-7b91-4827-94e5-e1fe6af1ac33.jpg,field_thistle,stem_elongation,reference_camera,field_thistle_stem_elongation_g001,train,000029_a701749b-7b91-4827-94e5-e1fe6af1ac33.jpg
Dataset 1 кейс/Сорняки/Бодяк полевой/Стеблевание/000030_02260e9c-0127-470c-8917-59b68b046594.jpg,field_thistle,stem_elongation,reference_camera,field_thistle_stem_elongation_g001,train,000030_02260e9c-0127-470c-8917-59b68b046594.jpg
Dataset 1 кейс/Сорняки/Бодяк полевой/Стеблевание/000031_8d746b38-0b5a-431b-ac7f-cb649449b5da.jpg,field_thistle,stem_elongation,reference_camera,field_thistle_stem_elongation_g001,train,000031_8d746b38-0b5a-431b-ac7f-cb649449b5da.jpg
Dataset 1 кейс/Сорняки/Бодяк полевой/Стеблевание/000032_26a95972-0520-4eb7-b921-140cd766631c.jpg,field_thistle,stem_elongation,reference_camera,field_thistle_stem_elongation_g001,train,000032_26a95972-0520-4eb7-b921-140cd766631c.jpg
Dataset 1 кейс/Сорняки/Бодяк полевой/Стеблевание/000033_fc178d5e-314e-43fd-8a7f-4c6e55177062.jpg,field_thistle,stem_elongation,reference_camera,field_thistle_stem_elongation_g001,train,000033_fc178d5e-314e-43fd-8a7f-4c6e55177062.jpg
Dataset 1 кейс/Сорняки/Бодяк полевой/Стеблевание/000034_f3e86ef3-81f5-44d7-a4c6-8a2ffc70c3d6.jpg,field_thistle,stem_elongation,reference_camera,field_thistle_stem_elongation_g001,train,000034_f3e86ef3-81f5-44d7-a4c6-8a2ffc70c3d6.jpg
Dataset 1 кейс/Сорняки/Бодяк полевой/Стеблевание/000035_1709d870-24c5-491c-a2a6-c3bbe47f018f.jpg,field_thistle,stem_elongation,reference_camera,field_thistle_stem_elongation_g001,train,000035_1709d870-24c5-491c-a2a6-c3bbe47f018f.jpg
Dataset 1 кейс/Сорняки/Бодяк полевой/Стеблевание/000036_3e9ab47b-007a-4300-8578-811cdb8e4fea.jpg,field_thistle,stem_elongation,reference_camera,field_thistle_stem_elongation_g001,train,000036_3e9ab47b-007a-4300-8578-811cdb8e4fea.jpg
Dataset 1 кейс/Сорняки/Бодяк полевой/Стеблевание/000037_29063786-6e64-43de-a71d-c40794e68e14.jpg,field_thistle,stem_elongation,reference_camera,field_thistle_stem_elongation_g001,train,000037_29063786-6e64-43de-a71d-c40794e68e14.jpg
Dataset 1 кейс/Сорняки/Бодяк полевой/Стеблевание/000038_d6659afe-7dc9-4a19-ae08-3faf54571827.jpg,field_thistle,stem_elongation,reference_camera,field_thistle_stem_elongation_g001,train,000038_d6659afe-7dc9-4a19-ae08-3faf54571827.jpg
Dataset 1 кейс/Сорняки/Бодяк полевой/Стеблевание/000039_b9238a41-ed47-4c39-97ff-e657f3e55cc4.jpg,field_thistle,stem_elongation,reference_camera,field_thistle_stem_elongation_g001,train,000039_b9238a41-ed47-4c39-97ff-e657f3e55cc4.jpg
Dataset 1 кейс/Сорняки/Бодяк полевой/Стеблевание/000040_52d09dca-ecd2-42ee-9801-354a19cbd333.jpg,field_thistle,stem_elongation,reference_camera,field_thistle_stem_elongation_g001,train,000040_52d09dca-ecd2-42ee-9801-354a19cbd333.jpg
Dataset 1 кейс/Сорняки/Бодяк полевой/Стеблевание/000041_e8f4dd79-99ca-4edd-929c-cf18aba304f0.jpg,field_thistle,stem_elongation,reference_camera,field_thistle_stem_elongation_g001,train,000041_e8f4dd79-99ca-4edd-929c-cf18aba304f0.jpg
Dataset 1 кейс/Сорняки/Бодяк полевой/Стеблевание/000042_c0acc28b-8fd5-4e2a-bfa9-d6c8711ed986.jpg,field_thistle,stem_elongation,reference_camera,field_thistle_stem_elongation_g001,train,000042_c0acc28b-8fd5-4e2a-bfa9-d6c8711ed986.jpg
Dataset 1 кейс/Сорняки/Бодяк полевой/Стеблевание/000043_c0141d09-f65d-461c-bb94-bd905ac1350f.jpg,field_thistle,stem_elongation,reference_camera,field_thistle_stem_elongation_g001,train,000043_c0141d09-f65d-461c-bb94-bd905ac1350f.jpg
Dataset 1 кейс/Сорняки/Бодяк полевой/Стеблевание/000044_dc56781c-4e20-4740-8f59-d1473c74b0ec.jpg,field_thistle,stem_elongation,reference_camera,field_thistle_stem_elongation_g001,train,000044_dc56781c-4e20-4740-8f59-d1473c74b0ec.jpg
Dataset 1 кейс/Сорняки/Бодяк полевой/Стеблевание/000045_a97ec17a-9ca3-4ff9-bbcf-9d404531ff67.jpg,field_thistle,stem_elongation,reference_camera,field_thistle_stem_elongation_g001,train,000045_a97ec17a-9ca3-4ff9-bbcf-9d404531ff67.jpg
Dataset 1 кейс/Сорняки/Бодяк полевой/Стеблевание/000046_a197de71-1750-4774-b989-c645e09689b9.jpg,field_thistle,stem_elongation,reference_camera,field_thistle_stem_elongation_g001,train,000046_a197de71-1750-4774-b989-c645e09689b9.jpg
Dataset 1 кейс/Сорняки/Бодяк полевой/Стеблевание/000047_f93391f5-1670-4c94-bbee-830f4f48cf64.jpg,field_thistle,stem_elongation,reference_camera,field_thistle_stem_elongation_g001,train,000047_f93391f5-1670-4c94-bbee-830f4f48cf64.jpg
Dataset 1 кейс/Сорняки/Бодяк полевой/Стеблевание/000048_bea3f0ac-9929-465d-a8e9-c400db53c374.jpg,field_thistle,stem_elongation,reference_camera,field_thistle_stem_elongation_g001,train,000048_bea3f0ac-9929-465d-a8e9-c400db53c374.jpg
Dataset 1 кейс/Сорняки/Бодяк полевой/Стеблевание/000049_6e390eb0-1eac-4358-820f-441067de4f40.jpg,field_thistle,stem_elongation,reference_camera,field_thistle_stem_elongation_g001,train,000049_6e390eb0-1eac-4358-820f-441067de4f40.jpg
Dataset 1 кейс/Сорняки/Бодяк полевой/Стеблевание/000050_d1a401d0-5c16-49da-a972-5d4351abaca2.jpg,field_thistle,stem_elongation,reference_camera,field_thistle_stem_elongation_g001,train,000050_d1a401d0-5c16-49da-a972-5d4351abaca2.jpg
Dataset 1 кейс/Сорняки/Бодяк полевой/Стеблевание/000051_a4e0695f-d2fd-41d8-a4d3-f0c3edcec998.jpg,field_thistle,stem_elongation,reference_camera,field_thistle_stem_elongation_g001,train,000051_a4e0695f-d2fd-41d8-a4d3-f0c3edcec998.jpg
Dataset 1 кейс/Сорняки/Бодяк полевой/Стеблевание/000052_97d66d4d-f527-4fbd-a51a-a97f52f88d74.jpg,field_thistle,stem_elongation,reference_camera,field_thistle_stem_elongation_g001,train,000052_97d66d4d-f527-4fbd-a51a-a97f52f88d74.jpg
Dataset 1 кейс/Сорняки/Бодяк полевой/Стеблевание/000053_be6199ae-2197-4113-86d4-c6a66646e3c2.jpg,field_thistle,stem_elongation,reference_camera,field_thistle_stem_elongation_g001,train,000053_be6199ae-2197-4113-86d4-c6a66646e3c2.jpg
Dataset 1 кейс/Сорняки/Бодяк полевой/Стеблевание/000054_f26ad6d3-0a11-455c-96df-c11a870508c8.jpg,field_thistle,stem_elongation,reference_camera,field_thistle_stem_elongation_g001,train,000054_f26ad6d3-0a11-455c-96df-c11a870508c8.jpg
Dataset 1 кейс/Сорняки/Бодяк полевой/Стеблевание/000055_9bd6e49a-754e-488a-908f-857f47721e94.jpg,field_thistle,stem_elongation,reference_camera,field_thistle_stem_elongation_g001,train,000055_9bd6e49a-754e-488a-908f-857f47721e94.jpg
Dataset 1 кейс/Сорняки/Бодяк полевой/Стеблевание/000056_02a4f60f-c233-4d80-a94f-c6b50f82c11b.jpg,field_thistle,stem_elongation,reference_camera,field_thistle_stem_elongation_g001,train,000056_02a4f60f-c233-4d80-a94f-c6b50f82c11b.jpg
Dataset 1 кейс/Сорняки/Бодяк полевой/Стеблевание/000057_091cece7-57a2-48de-9551-a9ea58ede1ac.jpg,field_thistle,stem_elongation,reference_camera,field_thistle_stem_elongation_g001,train,000057_091cece7-57a2-48de-9551-a9ea58ede1ac.jpg
Dataset 1 кейс/Сорняки/Бодяк полевой/Стеблевание/000058_e455d92f-2f80-4dad-9497-1a0f9cf40905.jpg,field_thistle,stem_elongation,reference_camera,field_thistle_stem_elongation_g001,train,000058_e455d92f-2f80-4dad-9497-1a0f9cf40905.jpg
Dataset 1 кейс/Сорняки/Бодяк полевой/Стеблевание/000059_09f6f924-a59b-4b0a-bb9d-e0990cfb08e9.jpg,field_thistle,stem_elongation,reference_camera,field_thistle_stem_elongation_g001,train,000059_09f6f924-a59b-4b0a-bb9d-e0990cfb08e9.jpg
Dataset 1 кейс/Сорняки/Бодяк полевой/Стеблевание/000060_2eb5e954-5d7d-441c-9426-915baf8442fa.jpg,field_thistle,stem_elongation,reference_camera,field_thistle_stem_elongation_g001,train,000060_2eb5e954-5d7d-441c-9426-915baf8442fa.jpg
Dataset 1 кейс/Сорняки/Бодяк полевой/Стеблевание/000278_ca4a3ca4-b732-4257-beef-d5082f731561.jpg,field_thistle,stem_elongation,reference_camera,field_thistle_stem_elongation_g002,train,000278_ca4a3ca4-b732-4257-beef-d5082f731561.jpg
Dataset 1 кейс/Сорняки/Бодяк полевой/Стеблевание/000279_1e19b44c-7417-4016-b06e-d288ebea01ec.jpg,field_thistle,stem_elongation,reference_camera,field_thistle_stem_elongation_g002,train,000279_1e19b44c-7417-4016-b06e-d288ebea01ec.jpg
Dataset 1 кейс/Сорняки/Бодяк полевой/Стеблевание/000280_b4909306-934e-4bc1-8cb1-50ef7422a825.jpg,field_thistle,stem_elongation,reference_camera,field_thistle_stem_elongation_g002,train,000280_b4909306-934e-4bc1-8cb1-50ef7422a825.jpg
Dataset 1 кейс/Сорняки/Бодяк полевой/Стеблевание/000281_bfaaaf5f-3f2e-4b95-b46d-c46506da357a.jpg,field_thistle,stem_elongation,reference_camera,field_thistle_stem_elongation_g002,train,000281_bfaaaf5f-3f2e-4b95-b46d-c46506da357a.jpg
Dataset 1 кейс/Сорняки/Бодяк полевой/Стеблевание/000282_716d06c1-039c-441e-b973-ddc34f1caa7d.jpg,field_thistle,stem_elongation,reference_camera,field_thistle_stem_elongation_g002,train,000282_716d06c1-039c-441e-b973-ddc34f1caa7d.jpg
Dataset 1 кейс/Сорняки/Бодяк полевой/Стеблевание/000283_9e6b6a23-360c-4bf4-bf7e-e2eb7e00c059.jpg,field_thistle,stem_elongation,reference_camera,field_thistle_stem_elongation_g002,train,000283_9e6b6a23-360c-4bf4-bf7e-e2eb7e00c059.jpg
Dataset 1 кейс/Сорняки/Бодяк полевой/Стеблевание/000284_c1f626a9-912a-4f54-8e17-8066f4ebdbff.jpg,field_thistle,stem_elongation,reference_camera,field_thistle_stem_elongation_g002,train,000284_c1f626a9-912a-4f54-8e17-8066f4ebdbff.jpg
Dataset 1 кейс/Сорняки/Бодяк полевой/Стеблевание/000285_ce65f56b-e361-424f-8956-866148c34cd5.jpg,field_thistle,stem_elongation,reference_camera,field_thistle_stem_elongation_g002,train,000285_ce65f56b-e361-424f-8956-866148c34cd5.jpg
Dataset 1 кейс/Сорняки/Бодяк полевой/Стеблевание/000286_5c38af54-7933-4f8e-8754-2dee31ee93ce.jpg,field_thistle,stem_elongation,reference_camera,field_thistle_stem_elongation_g002,train,000286_5c38af54-7933-4f8e-8754-2dee31ee93ce.jpg
Dataset 1 кейс/Сорняки/Бодяк полевой/Стеблевание/000287_9f8bdf19-3ce7-4545-9fa3-632913561fb0.jpg,field_thistle,stem_elongation,reference_camera,field_thistle_stem_elongation_g002,train,000287_9f8bdf19-3ce7-4545-9fa3-632913561fb0.jpg
Dataset 1 кейс/Сорняки/Бодяк полевой/Стеблевание/000288_9c19489e-dbfc-4a8d-838b-29db7fb25bfb.jpg,field_thistle,stem_elongation,reference_camera,field_thistle_stem_elongation_g002,train,000288_9c19489e-dbfc-4a8d-838b-29db7fb25bfb.jpg
Dataset 1 кейс/Сорняки/Бодяк полевой/Стеблевание/000289_654c18d2-ee2e-4666-ae32-32669ebe4b38.jpg,field_thistle,stem_elongation,reference_camera,field_thistle_stem_elongation_g002,train,000289_654c18d2-ee2e-4666-ae32-32669ebe4b38.jpg
Dataset 1 кейс/Сорняки/Бодяк полевой/Стеблевание/000290_7b0388ed-f9fc-4734-93d7-98b126f368f6.jpg,field_thistle,stem_elongation,reference_camera,field_thistle_stem_elongation_g002,train,000290_7b0388ed-f9fc-4734-93d7-98b126f368f6.jpg
Dataset 1 кейс/Сорняки/Бодяк полевой/Стеблевание/000291_60bc7cbe-cd61-411a-a357-561715f2f79e.jpg,field_thistle,stem_elongation,reference_camera,field_thistle_stem_elongation_g002,train,000291_60bc7cbe-cd61-411a-a357-561715f2f79e.jpg
Dataset 1 кейс/Сорняки/Бодяк полевой/Стеблевание/000292_3712751d-dd72-4760-a78d-969bb7b822dd.jpg,field_thistle,stem_elongation,reference_camera,field_thistle_stem_elongation_g002,train,000292_3712751d-dd72-4760-a78d-969bb7b822dd.jpg
Dataset 1 кейс/Сорняки/Бодяк полевой/Стеблевание/000293_fcf67a7a-711f-4ddb-854c-8f4542be3ef6.jpg,field_thistle,stem_elongation,reference_camera,field_thistle_stem_elongation_g002,train,000293_fcf67a7a-711f-4ddb-854c-8f4542be3ef6.jpg
Dataset 1 кейс/Сорняки/Бодяк полевой/Стеблевание/000294_352fc09b-699a-44a7-95f1-31abaf503c70.jpg,field_thistle,stem_elongation,reference_camera,field_thistle_stem_elongation_g002,train,000294_352fc09b-699a-44a7-95f1-31abaf503c70.jpg
Dataset 1 кейс/Сорняки/Бодяк полевой/Стеблевание/000295_0c1e68eb-0787-4b32-8979-de7e73b67e18.jpg,field_thistle,stem_elongation,reference_camera,field_thistle_stem_elongation_g002,train,000295_0c1e68eb-0787-4b32-8979-de7e73b67e18.jpg
Dataset 1 кейс/Сорняки/Бодяк полевой/Стеблевание/000296_fe9b5823-7620-4fe9-afa5-b6da1ac416ec.jpg,field_thistle,stem_elongation,reference_camera,field_thistle_stem_elongation_g002,train,000296_fe9b5823-7620-4fe9-afa5-b6da1ac416ec.jpg
Dataset 1 кейс/Сорняки/Бодяк полевой/Стеблевание/000297_66b7f01e-3054-46e2-ae37-1fb92e2a5ec7.jpg,field_thistle,stem_elongation,reference_camera,field_thistle_stem_elongation_g002,train,000297_66b7f01e-3054-46e2-ae37-1fb92e2a5ec7.jpg
Dataset 1 кейс/Сорняки/Бодяк полевой/Стеблевание/000298_5a90fcbe-745a-4ba3-8e65-0282d183cbcb.jpg,field_thistle,stem_elongation,reference_camera,field_thistle_stem_elongation_g002,train,000298_5a90fcbe-745a-4ba3-8e65-0282d183cbcb.jpg
Dataset 1 кейс/Сорняки/Бодяк полевой/Стеблевание/000299_5ce084ca-3f4c-41a9-9c21-139b9e28f5af.jpg,field_thistle,stem_elongation,reference_camera,field_thistle_stem_elongation_g002,train,000299_5ce084ca-3f4c-41a9-9c21-139b9e28f5af.jpg
Dataset 1 кейс/Сорняки/Бодяк полевой/Стеблевание/000300_b5017efe-455d-4de8-b188-47305d57f36b.jpg,field_thistle,stem_elongation,reference_camera,field_thistle_stem_elongation_g002,train,000300_b5017efe-455d-4de8-b188-47305d57f36b.jpg
Dataset 1 кейс/Сорняки/Бодяк полевой/Стеблевание/000301_dd3a39aa-dcd8-4742-af75-95c47cc18a1b.jpg,field_thistle,stem_elongation,reference_camera,field_thistle_stem_elongation_g002,train,000301_dd3a39aa-dcd8-4742-af75-95c47cc18a1b.jpg
Dataset 1 кейс/Сорняки/Бодяк полевой/Стеблевание/000302_ade6a776-aa4a-423c-bdbe-226aefd11431.jpg,field_thistle,stem_elongation,reference_camera,field_thistle_stem_elongation_g002,train,000302_ade6a776-aa4a-423c-bdbe-226aefd11431.jpg
Dataset 1 кейс/Сорняки/Бодяк полевой/Стеблевание/000303_74b670e2-d36f-4156-bee4-7b7bcdb2c71b.jpg,field_thistle,stem_elongation,reference_camera,field_thistle_stem_elongation_g002,train,000303_74b670e2-d36f-4156-bee4-7b7bcdb2c71b.jpg
Dataset 1 кейс/Сорняки/Бодяк полевой/Стеблевание/000304_409794c5-d2d2-4916-981c-0fff16c48417.jpg,field_thistle,stem_elongation,reference_camera,field_thistle_stem_elongation_g002,train,000304_409794c5-d2d2-4916-981c-0fff16c48417.jpg
Dataset 1 кейс/Сорняки/Бодяк полевой/Стеблевание/000305_58a25a85-f7c9-4575-be23-0a8731002194.jpg,field_thistle,stem_elongation,reference_camera,field_thistle_stem_elongation_g002,train,000305_58a25a85-f7c9-4575-be23-0a8731002194.jpg
Dataset 1 кейс/Сорняки/Бодяк полевой/Стеблевание/000306_92df1730-4d40-4e4a-9e6f-e70b2a55c4c5.jpg,field_thistle,stem_elongation,reference_camera,field_thistle_stem_elongation_g002,train,000306_92df1730-4d40-4e4a-9e6f-e70b2a55c4c5.jpg
Dataset 1 кейс/Сорняки/Бодяк полевой/Стеблевание/000307_ce003366-3dcf-4cc4-90f4-4a0dba69705b.jpg,field_thistle,stem_elongation,reference_camera,field_thistle_stem_elongation_g002,train,000307_ce003366-3dcf-4cc4-90f4-4a0dba69705b.jpg
Dataset 1 кейс/Сорняки/Бодяк полевой/Стеблевание/000308_85b9b44e-550d-412f-8543-7dc55b5286f5.jpg,field_thistle,stem_elongation,reference_camera,field_thistle_stem_elongation_g002,train,000308_85b9b44e-550d-412f-8543-7dc55b5286f5.jpg
Dataset 1 кейс/Сорняки/Бодяк полевой/Стеблевание/000309_b3b1c728-6b01-4fac-96ac-ce6de7cfd0b5.jpg,field_thistle,stem_elongation,reference_camera,field_thistle_stem_elongation_g002,train,000309_b3b1c728-6b01-4fac-96ac-ce6de7cfd0b5.jpg
Dataset 1 кейс/Сорняки/Бодяк полевой/Стеблевание/000332_b4507911-391e-4d55-81d7-cc8b68ab7955.jpg,field_thistle,stem_elongation,reference_camera,field_thistle_stem_elongation_g003,train,000332_b4507911-391e-4d55-81d7-cc8b68ab7955.jpg
Dataset 1 кейс/Сорняки/Бодяк полевой/Стеблевание/000333_41846c19-9848-4f17-9dee-4e920e887296.jpg,field_thistle,stem_elongation,reference_camera,field_thistle_stem_elongation_g003,train,000333_41846c19-9848-4f17-9dee-4e920e887296.jpg
Dataset 1 кейс/Сорняки/Бодяк полевой/Стеблевание/000334_e285c7a7-4117-47a1-85a4-beb45bc17815.jpg,field_thistle,stem_elongation,reference_camera,field_thistle_stem_elongation_g003,val,000334_e285c7a7-4117-47a1-85a4-beb45bc17815.jpg
Dataset 1 кейс/Сорняки/Бодяк полевой/Стеблевание/000335_0585c846-490d-4d03-acfb-11e35442cc77.jpg,field_thistle,stem_elongation,reference_camera,field_thistle_stem_elongation_g003,val,000335_0585c846-490d-4d03-acfb-11e35442cc77.jpg
Dataset 1 кейс/Сорняки/Бодяк полевой/Стеблевание/000336_0873bd15-fbee-43fc-bee1-4090ddc872bd.jpg,field_thistle,stem_elongation,reference_camera,field_thistle_stem_elongation_g003,val,000336_0873bd15-fbee-43fc-bee1-4090ddc872bd.jpg
Dataset 1 кейс/Сорняки/Бодяк полевой/Стеблевание/000337_2f3f4568-8228-4d1e-8999-e22db0817d95.jpg,field_thistle,stem_elongation,reference_camera,field_thistle_stem_elongation_g003,val,000337_2f3f4568-8228-4d1e-8999-e22db0817d95.jpg
Dataset 1 кейс/Сорняки/Бодяк полевой/Стеблевание/000338_9169882b-c55e-48a6-b88f-3915c0743994.jpg,field_thistle,stem_elongation,reference_camera,field_thistle_stem_elongation_g003,val,000338_9169882b-c55e-48a6-b88f-3915c0743994.jpg
Dataset 1 кейс/Сорняки/Бодяк полевой/Стеблевание/000339_ddc6a30f-ace5-487f-bbf8-0d4241da07cd.jpg,field_thistle,stem_elongation,reference_camera,field_thistle_stem_elongation_g003,val,000339_ddc6a30f-ace5-487f-bbf8-0d4241da07cd.jpg
Dataset 1 кейс/Сорняки/Бодяк полевой/Стеблевание/000340_4d07fe09-b479-4a36-882b-7b3a5ee8bbcb.jpg,field_thistle,stem_elongation,reference_camera,field_thistle_stem_elongation_g003,val,000340_4d07fe09-b479-4a36-882b-7b3a5ee8bbcb.jpg
Dataset 1 кейс/Сорняки/Бодяк полевой/Стеблевание/000341_deb2a5fe-3631-421b-96fb-4fc582219d5a.jpg,field_thistle,stem_elongation,reference_camera,field_thistle_stem_elongation_g003,val,000341_deb2a5fe-3631-421b-96fb-4fc582219d5a.jpg
Dataset 1 кейс/Сорняки/Бодяк полевой/Стеблевание/000342_8a8c6a6e-85c2-4a4e-9099-49b0f86fd218.jpg,field_thistle,stem_elongation,reference_camera,field_thistle_stem_elongation_g003,val,000342_8a8c6a6e-85c2-4a4e-9099-49b0f86fd218.jpg
Dataset 1 кейс/Сорняки/Бодяк полевой/Стеблевание/000343_4885a540-0146-4c83-acf6-094d1e917ef7.jpg,field_thistle,stem_elongation,reference_camera,field_thistle_stem_elongation_g003,val,000343_4885a540-0146-4c83-acf6-094d1e917ef7.jpg
Dataset 1 кейс/Сорняки/Бодяк полевой/Стеблевание/000344_c349b541-295c-4fae-b6a9-ced3500ee99b.jpg,field_thistle,stem_elongation,reference_camera,field_thistle_stem_elongation_g003,val,000344_c349b541-295c-4fae-b6a9-ced3500ee99b.jpg
Dataset 1 кейс/Сорняки/Бодяк полевой/Стеблевание/000345_0f1f67a4-d7fb-4c11-aeee-89a85fab18c0.jpg,field_thistle,stem_elongation,reference_camera,field_thistle_stem_elongation_g003,val,000345_0f1f67a4-d7fb-4c11-aeee-89a85fab18c0.jpg
Dataset 1 кейс/Сорняки/Бодяк полевой/Стеблевание/000346_8ca38012-5f6f-4f61-bce2-cc430793b2e0.jpg,field_thistle,stem_elongation,reference_camera,field_thistle_stem_elongation_g003,val,000346_8ca38012-5f6f-4f61-bce2-cc430793b2e0.jpg
Dataset 1 кейс/Сорняки/Бодяк полевой/Стеблевание/000448_2ad31489-e572-4220-b339-c054598853e3.jpg,field_thistle,stem_elongation,reference_camera,field_thistle_stem_elongation_g004,val,000448_2ad31489-e572-4220-b339-c054598853e3.jpg
Dataset 1 кейс/Сорняки/Бодяк полевой/Стеблевание/000449_f48046e2-8299-4152-9aa9-367ed8e5e661.jpg,field_thistle,stem_elongation,reference_camera,field_thistle_stem_elongation_g004,val,000449_f48046e2-8299-4152-9aa9-367ed8e5e661.jpg
Dataset 1 кейс/Сорняки/Бодяк полевой/Стеблевание/000450_a5aeeb39-2245-499e-8391-d010cb731d37.jpg,field_thistle,stem_elongation,reference_camera,field_thistle_stem_elongation_g004,test,000450_a5aeeb39-2245-499e-8391-d010cb731d37.jpg
Dataset 1 кейс/Сорняки/Бодяк полевой/Стеблевание/000451_ce420668-3b6a-4623-9d15-0a0ef534ae6c.jpg,field_thistle,stem_elongation,reference_camera,field_thistle_stem_elongation_g004,test,000451_ce420668-3b6a-4623-9d15-0a0ef534ae6c.jpg
Dataset 1 кейс/Сорняки/Бодяк полевой/Стеблевание/000452_92af7d10-853a-4061-9550-b44c8c4bddec.jpg,field_thistle,stem_elongation,reference_camera,field_thistle_stem_elongation_g004,test,000452_92af7d10-853a-4061-9550-b44c8c4bddec.jpg
Dataset 1 кейс/Сорняки/Бодяк полевой/Стеблевание/000453_a4b43a9e-58ed-4201-81d0-6c9965e452fa.jpg,field_thistle,stem_elongation,reference_camera,field_thistle_stem_elongation_g004,test,000453_a4b43a9e-58ed-4201-81d0-6c9965e452fa.jpg
Dataset 1 кейс/Сорняки/Бодяк полевой/Стеблевание/000454_62797fbd-78ee-449f-984e-8b5ea7da5569.jpg,field_thistle,stem_elongation,reference_camera,field_thistle_stem_elongation_g004,test,000454_62797fbd-78ee-449f-984e-8b5ea7da5569.jpg
Dataset 1 кейс/Сорняки/Бодяк полевой/Стеблевание/000455_3b4b1f5c-442b-497c-b29f-4f84bcf07b73.jpg,field_thistle,stem_elongation,reference_camera,field_thistle_stem_elongation_g004,test,000455_3b4b1f5c-442b-497c-b29f-4f84bcf07b73.jpg
Dataset 1 кейс/Сорняки/Бодяк полевой/Стеблевание/000456_7f8d8d89-08be-40bc-8755-ba9fbad7f588.jpg,field_thistle,stem_elongation,reference_camera,field_thistle_stem_elongation_g004,test,000456_7f8d8d89-08be-40bc-8755-ba9fbad7f588.jpg
Dataset 1 кейс/Сорняки/Бодяк полевой/Стеблевание/000457_092f1e43-6617-4f20-b57d-9f7820463b90.jpg,field_thistle,stem_elongation,reference_camera,field_thistle_stem_elongation_g004,test,000457_092f1e43-6617-4f20-b57d-9f7820463b90.jpg
Dataset 1 кейс/Сорняки/Бодяк полевой/Стеблевание/000458_1a492d56-0e95-41f2-9460-ced3c5bbd46b.jpg,field_thistle,stem_elongation,reference_camera,field_thistle_stem_elongation_g004,test,000458_1a492d56-0e95-41f2-9460-ced3c5bbd46b.jpg
Dataset 1 кейс/Сорняки/Бодяк полевой/Стеблевание/000459_c2d695a4-7ad9-4959-b35a-cd9e61373584.jpg,field_thistle,stem_elongation,reference_camera,field_thistle_stem_elongation_g004,test,000459_c2d695a4-7ad9-4959-b35a-cd9e61373584.jpg
Dataset 1 кейс/Сорняки/Бодяк полевой/Стеблевание/000460_e2fcca7e-0f3a-4cb2-a29d-2bd04429582c.jpg,field_thistle,stem_elongation,reference_camera,field_thistle_stem_elongation_g004,test,000460_e2fcca7e-0f3a-4cb2-a29d-2bd04429582c.jpg
Dataset 1 кейс/Сорняки/Бодяк полевой/Стеблевание/000461_21e5f7ad-05e5-4924-88b3-99d2ba594504.jpg,field_thistle,stem_elongation,reference_camera,field_thistle_stem_elongation_g004,test,000461_21e5f7ad-05e5-4924-88b3-99d2ba594504.jpg
Dataset 1 кейс/Сорняки/Бодяк полевой/Стеблевание/000462_96a82aa0-dfdb-4c4d-aa9e-c8bc1657ae65.jpg,field_thistle,stem_elongation,reference_camera,field_thistle_stem_elongation_g004,test,000462_96a82aa0-dfdb-4c4d-aa9e-c8bc1657ae65.jpg
Dataset 1 кейс/Сорняки/Бодяк полевой/Стеблевание/000463_91509586-5db8-4b68-8b60-b6a64ee35930.jpg,field_thistle,stem_elongation,reference_camera,field_thistle_stem_elongation_g004,test,000463_91509586-5db8-4b68-8b60-b6a64ee35930.jpg
Dataset 1 кейс/Сорняки/Бодяк полевой/Стеблевание/000464_8f737e30-2fd8-46d0-8488-0839473b7605.jpg,field_thistle,stem_elongation,reference_camera,field_thistle_stem_elongation_g004,test,000464_8f737e30-2fd8-46d0-8488-0839473b7605.jpg
Dataset 1 кейс/Сорняки/Бодяк полевой/Стеблевание/000465_5ab39bb2-da61-4296-a39c-1b21aae08f37.jpg,field_thistle,stem_elongation,reference_camera,field_thistle_stem_elongation_g004,test,000465_5ab39bb2-da61-4296-a39c-1b21aae08f37.jpg
/Users/kr220/Documents/Projects/Qostanai_AgroTech_Hackathon_2026/case1/data/crops_wheat/crop_aerial_train_0000.jpg,crop_wheat,unknown,aerial_crops,aerial_crop_38182_jpg.,train,crop_aerial_train_0000.jpg
/Users/kr220/Documents/Projects/Qostanai_AgroTech_Hackathon_2026/case1/data/crops_wheat/crop_aerial_train_0001.jpg,crop_wheat,unknown,aerial_crops,aerial_crop_IMG_6182_J,train,crop_aerial_train_0001.jpg
/Users/kr220/Documents/Projects/Qostanai_AgroTech_Hackathon_2026/case1/data/crops_wheat/crop_aerial_train_0002.jpg,crop_wheat,unknown,aerial_crops,aerial_crop_IMG_6190_J,train,crop_aerial_train_0002.jpg
/Users/kr220/Documents/Projects/Qostanai_AgroTech_Hackathon_2026/case1/data/crops_wheat/crop_aerial_train_0003.jpg,crop_wheat,unknown,aerial_crops,aerial_crop_IMG_6190_J,train,crop_aerial_train_0003.jpg
/Users/kr220/Documents/Projects/Qostanai_AgroTech_Hackathon_2026/case1/data/crops_wheat/crop_aerial_train_0004.jpg,crop_wheat,unknown,aerial_crops,aerial_crop_IMG_6190_J,train,crop_aerial_train_0004.jpg
/Users/kr220/Documents/Projects/Qostanai_AgroTech_Hackathon_2026/case1/data/crops_wheat/crop_aerial_train_0005.jpg,crop_wheat,unknown,aerial_crops,aerial_crop_IMG_5939_J,train,crop_aerial_train_0005.jpg
/Users/kr220/Documents/Projects/Qostanai_AgroTech_Hackathon_2026/case1/data/crops_wheat/crop_aerial_train_0008.jpg,crop_wheat,unknown,aerial_crops,aerial_crop_IMG_6179_J,train,crop_aerial_train_0008.jpg
/Users/kr220/Documents/Projects/Qostanai_AgroTech_Hackathon_2026/case1/data/crops_wheat/crop_aerial_train_0009.jpg,crop_wheat,unknown,aerial_crops,aerial_crop_IMG_6179_J,train,crop_aerial_train_0009.jpg
/Users/kr220/Documents/Projects/Qostanai_AgroTech_Hackathon_2026/case1/data/crops_wheat/crop_aerial_train_0010.jpg,crop_wheat,unknown,aerial_crops,aerial_crop_IMG_6179_J,train,crop_aerial_train_0010.jpg
/Users/kr220/Documents/Projects/Qostanai_AgroTech_Hackathon_2026/case1/data/crops_wheat/crop_aerial_train_0011.jpg,crop_wheat,unknown,aerial_crops,aerial_crop_IMG_6179_J,train,crop_aerial_train_0011.jpg
/Users/kr220/Documents/Projects/Qostanai_AgroTech_Hackathon_2026/case1/data/crops_wheat/crop_aerial_train_0012.jpg,crop_wheat,unknown,aerial_crops,aerial_crop_IMG_6179_J,train,crop_aerial_train_0012.jpg
/Users/kr220/Documents/Projects/Qostanai_AgroTech_Hackathon_2026/case1/data/crops_wheat/crop_aerial_train_0013.jpg,crop_wheat,unknown,aerial_crops,aerial_crop_IMG_6179_J,train,crop_aerial_train_0013.jpg
/Users/kr220/Documents/Projects/Qostanai_AgroTech_Hackathon_2026/case1/data/crops_wheat/crop_aerial_train_0014.jpg,crop_wheat,unknown,aerial_crops,aerial_crop_IMG_6179_J,train,crop_aerial_train_0014.jpg
/Users/kr220/Documents/Projects/Qostanai_AgroTech_Hackathon_2026/case1/data/crops_wheat/crop_aerial_train_0015.jpg,crop_wheat,unknown,aerial_crops,aerial_crop_IMG_6179_J,train,crop_aerial_train_0015.jpg
/Users/kr220/Documents/Projects/Qostanai_AgroTech_Hackathon_2026/case1/data/crops_wheat/crop_aerial_train_0016.jpg,crop_wheat,unknown,aerial_crops,aerial_crop_IMG_6114_J,train,crop_aerial_train_0016.jpg
/Users/kr220/Documents/Projects/Qostanai_AgroTech_Hackathon_2026/case1/data/crops_wheat/crop_aerial_train_0021.jpg,crop_wheat,unknown,aerial_crops,aerial_crop_IMG_6152_J,train,crop_aerial_train_0021.jpg
/Users/kr220/Documents/Projects/Qostanai_AgroTech_Hackathon_2026/case1/data/crops_wheat/crop_aerial_train_0023.jpg,crop_wheat,unknown,aerial_crops,aerial_crop_IMG_6152_J,train,crop_aerial_train_0023.jpg
/Users/kr220/Documents/Projects/Qostanai_AgroTech_Hackathon_2026/case1/data/crops_wheat/crop_aerial_train_0024.jpg,crop_wheat,unknown,aerial_crops,aerial_crop_IMG_6131_J,train,crop_aerial_train_0024.jpg
/Users/kr220/Documents/Projects/Qostanai_AgroTech_Hackathon_2026/case1/data/crops_wheat/crop_aerial_train_0026.jpg,crop_wheat,unknown,aerial_crops,aerial_crop_IMG_6131_J,train,crop_aerial_train_0026.jpg
/Users/kr220/Documents/Projects/Qostanai_AgroTech_Hackathon_2026/case1/data/crops_wheat/crop_aerial_train_0039.jpg,crop_wheat,unknown,aerial_crops,aerial_crop_IMG_5928_J,train,crop_aerial_train_0039.jpg
/Users/kr220/Documents/Projects/Qostanai_AgroTech_Hackathon_2026/case1/data/crops_wheat/crop_aerial_train_0040.jpg,crop_wheat,unknown,aerial_crops,aerial_crop_IMG_5928_J,train,crop_aerial_train_0040.jpg
/Users/kr220/Documents/Projects/Qostanai_AgroTech_Hackathon_2026/case1/data/crops_wheat/crop_aerial_train_0041.jpg,crop_wheat,unknown,aerial_crops,aerial_crop_IMG_5928_J,train,crop_aerial_train_0041.jpg
/Users/kr220/Documents/Projects/Qostanai_AgroTech_Hackathon_2026/case1/data/crops_wheat/crop_aerial_train_0042.jpg,crop_wheat,unknown,aerial_crops,aerial_crop_IMG_6197_J,train,crop_aerial_train_0042.jpg
/Users/kr220/Documents/Projects/Qostanai_AgroTech_Hackathon_2026/case1/data/crops_wheat/crop_aerial_train_0050.jpg,crop_wheat,unknown,aerial_crops,aerial_crop_IMG_5957_J,train,crop_aerial_train_0050.jpg
/Users/kr220/Documents/Projects/Qostanai_AgroTech_Hackathon_2026/case1/data/crops_wheat/crop_aerial_train_0051.jpg,crop_wheat,unknown,aerial_crops,aerial_crop_IMG_6005_J,train,crop_aerial_train_0051.jpg
/Users/kr220/Documents/Projects/Qostanai_AgroTech_Hackathon_2026/case1/data/crops_wheat/crop_aerial_train_0052.jpg,crop_wheat,unknown,aerial_crops,aerial_crop_IMG_6005_J,train,crop_aerial_train_0052.jpg
/Users/kr220/Documents/Projects/Qostanai_AgroTech_Hackathon_2026/case1/data/crops_wheat/crop_aerial_train_0053.jpg,crop_wheat,unknown,aerial_crops,aerial_crop_IMG_6005_J,train,crop_aerial_train_0053.jpg
/Users/kr220/Documents/Projects/Qostanai_AgroTech_Hackathon_2026/case1/data/crops_wheat/crop_aerial_train_0054.jpg,crop_wheat,unknown,aerial_crops,aerial_crop_IMG_6005_J,train,crop_aerial_train_0054.jpg
/Users/kr220/Documents/Projects/Qostanai_AgroTech_Hackathon_2026/case1/data/crops_wheat/crop_aerial_train_0056.jpg,crop_wheat,unknown,aerial_crops,aerial_crop_IMG_6005_J,train,crop_aerial_train_0056.jpg
/Users/kr220/Documents/Projects/Qostanai_AgroTech_Hackathon_2026/case1/data/crops_wheat/crop_aerial_train_0057.jpg,crop_wheat,unknown,aerial_crops,aerial_crop_IMG_6005_J,train,crop_aerial_train_0057.jpg
/Users/kr220/Documents/Projects/Qostanai_AgroTech_Hackathon_2026/case1/data/crops_wheat/crop_aerial_train_0058.jpg,crop_wheat,unknown,aerial_crops,aerial_crop_37115_jpg.,train,crop_aerial_train_0058.jpg
/Users/kr220/Documents/Projects/Qostanai_AgroTech_Hackathon_2026/case1/data/crops_wheat/crop_aerial_train_0059.jpg,crop_wheat,unknown,aerial_crops,aerial_crop_IMG_6200_J,train,crop_aerial_train_0059.jpg
/Users/kr220/Documents/Projects/Qostanai_AgroTech_Hackathon_2026/case1/data/crops_wheat/crop_aerial_train_0060.jpg,crop_wheat,unknown,aerial_crops,aerial_crop_IMG_6200_J,train,crop_aerial_train_0060.jpg
/Users/kr220/Documents/Projects/Qostanai_AgroTech_Hackathon_2026/case1/data/crops_wheat/crop_aerial_train_0061.jpg,crop_wheat,unknown,aerial_crops,aerial_crop_IMG_6154_J,train,crop_aerial_train_0061.jpg
/Users/kr220/Documents/Projects/Qostanai_AgroTech_Hackathon_2026/case1/data/crops_wheat/crop_aerial_train_0063.jpg,crop_wheat,unknown,aerial_crops,aerial_crop_IMG_5938_J,train,crop_aerial_train_0063.jpg
/Users/kr220/Documents/Projects/Qostanai_AgroTech_Hackathon_2026/case1/data/crops_wheat/crop_aerial_train_0064.jpg,crop_wheat,unknown,aerial_crops,aerial_crop_IMG_5996_J,train,crop_aerial_train_0064.jpg
/Users/kr220/Documents/Projects/Qostanai_AgroTech_Hackathon_2026/case1/data/crops_wheat/crop_aerial_train_0066.jpg,crop_wheat,unknown,aerial_crops,aerial_crop_IMG_6121_J,train,crop_aerial_train_0066.jpg
/Users/kr220/Documents/Projects/Qostanai_AgroTech_Hackathon_2026/case1/data/crops_wheat/crop_aerial_train_0067.jpg,crop_wheat,unknown,aerial_crops,aerial_crop_IMG_6121_J,train,crop_aerial_train_0067.jpg
/Users/kr220/Documents/Projects/Qostanai_AgroTech_Hackathon_2026/case1/data/crops_wheat/crop_aerial_train_0068.jpg,crop_wheat,unknown,aerial_crops,aerial_crop_IMG_6121_J,train,crop_aerial_train_0068.jpg
/Users/kr220/Documents/Projects/Qostanai_AgroTech_Hackathon_2026/case1/data/crops_wheat/crop_aerial_train_0069.jpg,crop_wheat,unknown,aerial_crops,aerial_crop_IMG_6121_J,train,crop_aerial_train_0069.jpg
/Users/kr220/Documents/Projects/Qostanai_AgroTech_Hackathon_2026/case1/data/crops_wheat/crop_aerial_train_0070.jpg,crop_wheat,unknown,aerial_crops,aerial_crop_IMG_6121_J,train,crop_aerial_train_0070.jpg
/Users/kr220/Documents/Projects/Qostanai_AgroTech_Hackathon_2026/case1/data/crops_wheat/crop_aerial_train_0071.jpg,crop_wheat,unknown,aerial_crops,aerial_crop_IMG_6121_J,train,crop_aerial_train_0071.jpg
/Users/kr220/Documents/Projects/Qostanai_AgroTech_Hackathon_2026/case1/data/crops_wheat/crop_aerial_train_0072.jpg,crop_wheat,unknown,aerial_crops,aerial_crop_IMG_6121_J,train,crop_aerial_train_0072.jpg
/Users/kr220/Documents/Projects/Qostanai_AgroTech_Hackathon_2026/case1/data/crops_wheat/crop_aerial_train_0074.jpg,crop_wheat,unknown,aerial_crops,aerial_crop_IMG_5918_J,train,crop_aerial_train_0074.jpg
/Users/kr220/Documents/Projects/Qostanai_AgroTech_Hackathon_2026/case1/data/crops_wheat/crop_aerial_train_0075.jpg,crop_wheat,unknown,aerial_crops,aerial_crop_IMG_5980_J,train,crop_aerial_train_0075.jpg
/Users/kr220/Documents/Projects/Qostanai_AgroTech_Hackathon_2026/case1/data/crops_wheat/crop_aerial_train_0076.jpg,crop_wheat,unknown,aerial_crops,aerial_crop_IMG_5980_J,train,crop_aerial_train_0076.jpg
/Users/kr220/Documents/Projects/Qostanai_AgroTech_Hackathon_2026/case1/data/crops_wheat/crop_aerial_train_0077.jpg,crop_wheat,unknown,aerial_crops,aerial_crop_IMG_6093_J,train,crop_aerial_train_0077.jpg
/Users/kr220/Documents/Projects/Qostanai_AgroTech_Hackathon_2026/case1/data/crops_wheat/crop_aerial_train_0078.jpg,crop_wheat,unknown,aerial_crops,aerial_crop_IMG_6093_J,train,crop_aerial_train_0078.jpg
/Users/kr220/Documents/Projects/Qostanai_AgroTech_Hackathon_2026/case1/data/crops_wheat/crop_aerial_train_0080.jpg,crop_wheat,unknown,aerial_crops,aerial_crop_IMG_5931_J,train,crop_aerial_train_0080.jpg
/Users/kr220/Documents/Projects/Qostanai_AgroTech_Hackathon_2026/case1/data/crops_wheat/crop_aerial_train_0081.jpg,crop_wheat,unknown,aerial_crops,aerial_crop_IMG_6135_J,train,crop_aerial_train_0081.jpg
/Users/kr220/Documents/Projects/Qostanai_AgroTech_Hackathon_2026/case1/data/crops_wheat/crop_aerial_train_0083.jpg,crop_wheat,unknown,aerial_crops,aerial_crop_IMG_6199_J,train,crop_aerial_train_0083.jpg
/Users/kr220/Documents/Projects/Qostanai_AgroTech_Hackathon_2026/case1/data/crops_wheat/crop_aerial_train_0084.jpg,crop_wheat,unknown,aerial_crops,aerial_crop_IMG_6199_J,train,crop_aerial_train_0084.jpg
/Users/kr220/Documents/Projects/Qostanai_AgroTech_Hackathon_2026/case1/data/crops_wheat/crop_aerial_train_0085.jpg,crop_wheat,unknown,aerial_crops,aerial_crop_IMG_6199_J,train,crop_aerial_train_0085.jpg
/Users/kr220/Documents/Projects/Qostanai_AgroTech_Hackathon_2026/case1/data/crops_wheat/crop_aerial_train_0086.jpg,crop_wheat,unknown,aerial_crops,aerial_crop_IMG_6139_J,train,crop_aerial_train_0086.jpg
/Users/kr220/Documents/Projects/Qostanai_AgroTech_Hackathon_2026/case1/data/crops_wheat/crop_aerial_train_0087.jpg,crop_wheat,unknown,aerial_crops,aerial_crop_IMG_6151_J,train,crop_aerial_train_0087.jpg
/Users/kr220/Documents/Projects/Qostanai_AgroTech_Hackathon_2026/case1/data/crops_wheat/crop_aerial_train_0089.jpg,crop_wheat,unknown,aerial_crops,aerial_crop_IMG_6151_J,train,crop_aerial_train_0089.jpg
/Users/kr220/Documents/Projects/Qostanai_AgroTech_Hackathon_2026/case1/data/crops_wheat/crop_aerial_train_0093.jpg,crop_wheat,unknown,aerial_crops,aerial_crop_IMG_6151_J,train,crop_aerial_train_0093.jpg
/Users/kr220/Documents/Projects/Qostanai_AgroTech_Hackathon_2026/case1/data/crops_wheat/crop_aerial_train_0095.jpg,crop_wheat,unknown,aerial_crops,aerial_crop_IMG_5912_J,train,crop_aerial_train_0095.jpg
/Users/kr220/Documents/Projects/Qostanai_AgroTech_Hackathon_2026/case1/data/crops_wheat/crop_aerial_train_0098.jpg,crop_wheat,unknown,aerial_crops,aerial_crop_IMG_6178_J,train,crop_aerial_train_0098.jpg
/Users/kr220/Documents/Projects/Qostanai_AgroTech_Hackathon_2026/case1/data/crops_wheat/crop_aerial_train_0099.jpg,crop_wheat,unknown,aerial_crops,aerial_crop_IMG_6178_J,train,crop_aerial_train_0099.jpg
/Users/kr220/Documents/Projects/Qostanai_AgroTech_Hackathon_2026/case1/data/crops_wheat/crop_aerial_train_0100.jpg,crop_wheat,unknown,aerial_crops,aerial_crop_IMG_6178_J,train,crop_aerial_train_0100.jpg
/Users/kr220/Documents/Projects/Qostanai_AgroTech_Hackathon_2026/case1/data/crops_wheat/crop_aerial_train_0101.jpg,crop_wheat,unknown,aerial_crops,aerial_crop_IMG_6178_J,train,crop_aerial_train_0101.jpg
/Users/kr220/Documents/Projects/Qostanai_AgroTech_Hackathon_2026/case1/data/crops_wheat/crop_aerial_train_0102.jpg,crop_wheat,unknown,aerial_crops,aerial_crop_IMG_6178_J,train,crop_aerial_train_0102.jpg
/Users/kr220/Documents/Projects/Qostanai_AgroTech_Hackathon_2026/case1/data/crops_wheat/crop_aerial_train_0103.jpg,crop_wheat,unknown,aerial_crops,aerial_crop_IMG_6178_J,train,crop_aerial_train_0103.jpg
/Users/kr220/Documents/Projects/Qostanai_AgroTech_Hackathon_2026/case1/data/crops_wheat/crop_aerial_train_0105.jpg,crop_wheat,unknown,aerial_crops,aerial_crop_IMG_6178_J,train,crop_aerial_train_0105.jpg
/Users/kr220/Documents/Projects/Qostanai_AgroTech_Hackathon_2026/case1/data/crops_wheat/crop_aerial_train_0106.jpg,crop_wheat,unknown,aerial_crops,aerial_crop_IMG_6178_J,train,crop_aerial_train_0106.jpg
/Users/kr220/Documents/Projects/Qostanai_AgroTech_Hackathon_2026/case1/data/crops_wheat/crop_aerial_train_0107.jpg,crop_wheat,unknown,aerial_crops,aerial_crop_IMG_6178_J,train,crop_aerial_train_0107.jpg
/Users/kr220/Documents/Projects/Qostanai_AgroTech_Hackathon_2026/case1/data/crops_wheat/crop_aerial_train_0108.jpg,crop_wheat,unknown,aerial_crops,aerial_crop_IMG_6115_J,train,crop_aerial_train_0108.jpg
/Users/kr220/Documents/Projects/Qostanai_AgroTech_Hackathon_2026/case1/data/crops_wheat/crop_aerial_train_0109.jpg,crop_wheat,unknown,aerial_crops,aerial_crop_IMG_6115_J,train,crop_aerial_train_0109.jpg
/Users/kr220/Documents/Projects/Qostanai_AgroTech_Hackathon_2026/case1/data/crops_wheat/crop_aerial_train_0111.jpg,crop_wheat,unknown,aerial_crops,aerial_crop_IMG_6123_J,train,crop_aerial_train_0111.jpg
/Users/kr220/Documents/Projects/Qostanai_AgroTech_Hackathon_2026/case1/data/crops_wheat/crop_aerial_train_0112.jpg,crop_wheat,unknown,aerial_crops,aerial_crop_IMG_6123_J,train,crop_aerial_train_0112.jpg
/Users/kr220/Documents/Projects/Qostanai_AgroTech_Hackathon_2026/case1/data/crops_wheat/crop_aerial_train_0113.jpg,crop_wheat,unknown,aerial_crops,aerial_crop_IMG_6123_J,train,crop_aerial_train_0113.jpg
/Users/kr220/Documents/Projects/Qostanai_AgroTech_Hackathon_2026/case1/data/crops_wheat/crop_aerial_train_0114.jpg,crop_wheat,unknown,aerial_crops,aerial_crop_IMG_6123_J,train,crop_aerial_train_0114.jpg
/Users/kr220/Documents/Projects/Qostanai_AgroTech_Hackathon_2026/case1/data/crops_wheat/crop_aerial_train_0115.jpg,crop_wheat,unknown,aerial_crops,aerial_crop_IMG_6123_J,train,crop_aerial_train_0115.jpg
/Users/kr220/Documents/Projects/Qostanai_AgroTech_Hackathon_2026/case1/data/crops_wheat/crop_aerial_train_0116.jpg,crop_wheat,unknown,aerial_crops,aerial_crop_IMG_6123_J,train,crop_aerial_train_0116.jpg
/Users/kr220/Documents/Projects/Qostanai_AgroTech_Hackathon_2026/case1/data/crops_wheat/crop_aerial_train_0117.jpg,crop_wheat,unknown,aerial_crops,aerial_crop_IMG_6008_J,train,crop_aerial_train_0117.jpg
/Users/kr220/Documents/Projects/Qostanai_AgroTech_Hackathon_2026/case1/data/crops_wheat/crop_aerial_train_0118.jpg,crop_wheat,unknown,aerial_crops,aerial_crop_IMG_6008_J,train,crop_aerial_train_0118.jpg
/Users/kr220/Documents/Projects/Qostanai_AgroTech_Hackathon_2026/case1/data/crops_wheat/crop_aerial_train_0120.jpg,crop_wheat,unknown,aerial_crops,aerial_crop_IMG_6027_J,train,crop_aerial_train_0120.jpg
/Users/kr220/Documents/Projects/Qostanai_AgroTech_Hackathon_2026/case1/data/crops_wheat/crop_aerial_train_0122.jpg,crop_wheat,unknown,aerial_crops,aerial_crop_IMG_6187_J,train,crop_aerial_train_0122.jpg
/Users/kr220/Documents/Projects/Qostanai_AgroTech_Hackathon_2026/case1/data/crops_wheat/crop_aerial_train_0123.jpg,crop_wheat,unknown,aerial_crops,aerial_crop_IMG_6187_J,train,crop_aerial_train_0123.jpg
/Users/kr220/Documents/Projects/Qostanai_AgroTech_Hackathon_2026/case1/data/crops_wheat/crop_aerial_train_0124.jpg,crop_wheat,unknown,aerial_crops,aerial_crop_IMG_6187_J,train,crop_aerial_train_0124.jpg
/Users/kr220/Documents/Projects/Qostanai_AgroTech_Hackathon_2026/case1/data/crops_wheat/crop_aerial_train_0125.jpg,crop_wheat,unknown,aerial_crops,aerial_crop_IMG_5977_J,train,crop_aerial_train_0125.jpg
/Users/kr220/Documents/Projects/Qostanai_AgroTech_Hackathon_2026/case1/data/crops_wheat/crop_aerial_train_0126.jpg,crop_wheat,unknown,aerial_crops,aerial_crop_IMG_5977_J,train,crop_aerial_train_0126.jpg
/Users/kr220/Documents/Projects/Qostanai_AgroTech_Hackathon_2026/case1/data/crops_wheat/crop_aerial_train_0127.jpg,crop_wheat,unknown,aerial_crops,aerial_crop_IMG_5977_J,train,crop_aerial_train_0127.jpg
/Users/kr220/Documents/Projects/Qostanai_AgroTech_Hackathon_2026/case1/data/crops_wheat/crop_aerial_train_0128.jpg,crop_wheat,unknown,aerial_crops,aerial_crop_IMG_5977_J,train,crop_aerial_train_0128.jpg
/Users/kr220/Documents/Projects/Qostanai_AgroTech_Hackathon_2026/case1/data/crops_wheat/crop_aerial_train_0130.jpg,crop_wheat,unknown,aerial_crops,aerial_crop_IMG_5977_J,train,crop_aerial_train_0130.jpg
/Users/kr220/Documents/Projects/Qostanai_AgroTech_Hackathon_2026/case1/data/crops_wheat/crop_aerial_train_0136.jpg,crop_wheat,unknown,aerial_crops,aerial_crop_IMG_5964_J,train,crop_aerial_train_0136.jpg
/Users/kr220/Documents/Projects/Qostanai_AgroTech_Hackathon_2026/case1/data/crops_wheat/crop_aerial_train_0140.jpg,crop_wheat,unknown,aerial_crops,aerial_crop_IMG_6098_J,train,crop_aerial_train_0140.jpg
/Users/kr220/Documents/Projects/Qostanai_AgroTech_Hackathon_2026/case1/data/crops_wheat/crop_aerial_train_0141.jpg,crop_wheat,unknown,aerial_crops,aerial_crop_IMG_6098_J,train,crop_aerial_train_0141.jpg
/Users/kr220/Documents/Projects/Qostanai_AgroTech_Hackathon_2026/case1/data/crops_wheat/crop_aerial_train_0142.jpg,crop_wheat,unknown,aerial_crops,aerial_crop_IMG_6098_J,train,crop_aerial_train_0142.jpg
/Users/kr220/Documents/Projects/Qostanai_AgroTech_Hackathon_2026/case1/data/crops_wheat/crop_aerial_train_0144.jpg,crop_wheat,unknown,aerial_crops,aerial_crop_IMG_6098_J,train,crop_aerial_train_0144.jpg
/Users/kr220/Documents/Projects/Qostanai_AgroTech_Hackathon_2026/case1/data/crops_wheat/crop_aerial_train_0145.jpg,crop_wheat,unknown,aerial_crops,aerial_crop_IMG_6193_J,train,crop_aerial_train_0145.jpg
/Users/kr220/Documents/Projects/Qostanai_AgroTech_Hackathon_2026/case1/data/crops_wheat/crop_aerial_train_0146.jpg,crop_wheat,unknown,aerial_crops,aerial_crop_IMG_6193_J,train,crop_aerial_train_0146.jpg
/Users/kr220/Documents/Projects/Qostanai_AgroTech_Hackathon_2026/case1/data/crops_wheat/crop_aerial_train_0147.jpg,crop_wheat,unknown,aerial_crops,aerial_crop_IMG_6193_J,train,crop_aerial_train_0147.jpg
/Users/kr220/Documents/Projects/Qostanai_AgroTech_Hackathon_2026/case1/data/crops_wheat/crop_aerial_train_0148.jpg,crop_wheat,unknown,aerial_crops,aerial_crop_IMG_6193_J,train,crop_aerial_train_0148.jpg
/Users/kr220/Documents/Projects/Qostanai_AgroTech_Hackathon_2026/case1/data/crops_wheat/crop_aerial_train_0149.jpg,crop_wheat,unknown,aerial_crops,aerial_crop_IMG_6193_J,train,crop_aerial_train_0149.jpg
/Users/kr220/Documents/Projects/Qostanai_AgroTech_Hackathon_2026/case1/data/crops_wheat/crop_aerial_train_0150.jpg,crop_wheat,unknown,aerial_crops,aerial_crop_IMG_6193_J,train,crop_aerial_train_0150.jpg
/Users/kr220/Documents/Projects/Qostanai_AgroTech_Hackathon_2026/case1/data/crops_wheat/crop_aerial_train_0151.jpg,crop_wheat,unknown,aerial_crops,aerial_crop_36943_jpg.,train,crop_aerial_train_0151.jpg
/Users/kr220/Documents/Projects/Qostanai_AgroTech_Hackathon_2026/case1/data/crops_wheat/crop_aerial_train_0152.jpg,crop_wheat,unknown,aerial_crops,aerial_crop_IMG_6113_J,train,crop_aerial_train_0152.jpg
/Users/kr220/Documents/Projects/Qostanai_AgroTech_Hackathon_2026/case1/data/crops_wheat/crop_aerial_train_0153.jpg,crop_wheat,unknown,aerial_crops,aerial_crop_IMG_6164_J,train,crop_aerial_train_0153.jpg
/Users/kr220/Documents/Projects/Qostanai_AgroTech_Hackathon_2026/case1/data/crops_wheat/crop_aerial_train_0155.jpg,crop_wheat,unknown,aerial_crops,aerial_crop_IMG_6164_J,train,crop_aerial_train_0155.jpg
/Users/kr220/Documents/Projects/Qostanai_AgroTech_Hackathon_2026/case1/data/crops_wheat/crop_aerial_train_0157.jpg,crop_wheat,unknown,aerial_crops,aerial_crop_IMG_5947_J,train,crop_aerial_train_0157.jpg
/Users/kr220/Documents/Projects/Qostanai_AgroTech_Hackathon_2026/case1/data/crops_wheat/crop_aerial_train_0158.jpg,crop_wheat,unknown,aerial_crops,aerial_crop_IMG_5947_J,train,crop_aerial_train_0158.jpg
/Users/kr220/Documents/Projects/Qostanai_AgroTech_Hackathon_2026/case1/data/crops_wheat/crop_aerial_train_0159.jpg,crop_wheat,unknown,aerial_crops,aerial_crop_IMG_5947_J,train,crop_aerial_train_0159.jpg
/Users/kr220/Documents/Projects/Qostanai_AgroTech_Hackathon_2026/case1/data/crops_wheat/crop_aerial_train_0160.jpg,crop_wheat,unknown,aerial_crops,aerial_crop_IMG_5968_J,train,crop_aerial_train_0160.jpg
/Users/kr220/Documents/Projects/Qostanai_AgroTech_Hackathon_2026/case1/data/crops_wheat/crop_aerial_train_0161.jpg,crop_wheat,unknown,aerial_crops,aerial_crop_IMG_5968_J,train,crop_aerial_train_0161.jpg
/Users/kr220/Documents/Projects/Qostanai_AgroTech_Hackathon_2026/case1/data/crops_wheat/crop_aerial_train_0162.jpg,crop_wheat,unknown,aerial_crops,aerial_crop_IMG_5968_J,train,crop_aerial_train_0162.jpg
/Users/kr220/Documents/Projects/Qostanai_AgroTech_Hackathon_2026/case1/data/crops_wheat/crop_aerial_train_0163.jpg,crop_wheat,unknown,aerial_crops,aerial_crop_IMG_6160_J,train,crop_aerial_train_0163.jpg
/Users/kr220/Documents/Projects/Qostanai_AgroTech_Hackathon_2026/case1/data/crops_wheat/crop_aerial_train_0165.jpg,crop_wheat,unknown,aerial_crops,aerial_crop_IMG_6160_J,train,crop_aerial_train_0165.jpg
/Users/kr220/Documents/Projects/Qostanai_AgroTech_Hackathon_2026/case1/data/crops_wheat/crop_aerial_train_0166.jpg,crop_wheat,unknown,aerial_crops,aerial_crop_IMG_6160_J,train,crop_aerial_train_0166.jpg
/Users/kr220/Documents/Projects/Qostanai_AgroTech_Hackathon_2026/case1/data/crops_wheat/crop_aerial_train_0168.jpg,crop_wheat,unknown,aerial_crops,aerial_crop_IMG_6196_J,train,crop_aerial_train_0168.jpg
/Users/kr220/Documents/Projects/Qostanai_AgroTech_Hackathon_2026/case1/data/crops_wheat/crop_aerial_train_0169.jpg,crop_wheat,unknown,aerial_crops,aerial_crop_IMG_6196_J,train,crop_aerial_train_0169.jpg
/Users/kr220/Documents/Projects/Qostanai_AgroTech_Hackathon_2026/case1/data/crops_wheat/crop_aerial_train_0170.jpg,crop_wheat,unknown,aerial_crops,aerial_crop_IMG_6196_J,train,crop_aerial_train_0170.jpg
/Users/kr220/Documents/Projects/Qostanai_AgroTech_Hackathon_2026/case1/data/crops_wheat/crop_aerial_train_0171.jpg,crop_wheat,unknown,aerial_crops,aerial_crop_IMG_6196_J,train,crop_aerial_train_0171.jpg
/Users/kr220/Documents/Projects/Qostanai_AgroTech_Hackathon_2026/case1/data/crops_wheat/crop_aerial_train_0172.jpg,crop_wheat,unknown,aerial_crops,aerial_crop_IMG_6196_J,train,crop_aerial_train_0172.jpg
/Users/kr220/Documents/Projects/Qostanai_AgroTech_Hackathon_2026/case1/data/crops_wheat/crop_aerial_train_0174.jpg,crop_wheat,unknown,aerial_crops,aerial_crop_IMG_5956_J,train,crop_aerial_train_0174.jpg
/Users/kr220/Documents/Projects/Qostanai_AgroTech_Hackathon_2026/case1/data/crops_wheat/crop_aerial_train_0177.jpg,crop_wheat,unknown,aerial_crops,aerial_crop_IMG_5956_J,train,crop_aerial_train_0177.jpg
/Users/kr220/Documents/Projects/Qostanai_AgroTech_Hackathon_2026/case1/data/crops_wheat/crop_aerial_train_0178.jpg,crop_wheat,unknown,aerial_crops,aerial_crop_IMG_5956_J,train,crop_aerial_train_0178.jpg
/Users/kr220/Documents/Projects/Qostanai_AgroTech_Hackathon_2026/case1/data/crops_wheat/crop_aerial_train_0184.jpg,crop_wheat,unknown,aerial_crops,aerial_crop_IMG_5916_J,train,crop_aerial_train_0184.jpg
/Users/kr220/Documents/Projects/Qostanai_AgroTech_Hackathon_2026/case1/data/crops_wheat/crop_aerial_train_0185.jpg,crop_wheat,unknown,aerial_crops,aerial_crop_IMG_5916_J,train,crop_aerial_train_0185.jpg
/Users/kr220/Documents/Projects/Qostanai_AgroTech_Hackathon_2026/case1/data/crops_wheat/crop_aerial_train_0190.jpg,crop_wheat,unknown,aerial_crops,aerial_crop_IMG_6120_J,train,crop_aerial_train_0190.jpg
/Users/kr220/Documents/Projects/Qostanai_AgroTech_Hackathon_2026/case1/data/crops_wheat/crop_aerial_train_0192.jpg,crop_wheat,unknown,aerial_crops,aerial_crop_IMG_6120_J,train,crop_aerial_train_0192.jpg
/Users/kr220/Documents/Projects/Qostanai_AgroTech_Hackathon_2026/case1/data/crops_wheat/crop_aerial_train_0194.jpg,crop_wheat,unknown,aerial_crops,aerial_crop_IMG_5948_J,train,crop_aerial_train_0194.jpg
/Users/kr220/Documents/Projects/Qostanai_AgroTech_Hackathon_2026/case1/data/crops_wheat/crop_aerial_train_0195.jpg,crop_wheat,unknown,aerial_crops,aerial_crop_IMG_5948_J,train,crop_aerial_train_0195.jpg
/Users/kr220/Documents/Projects/Qostanai_AgroTech_Hackathon_2026/case1/data/crops_wheat/crop_aerial_train_0196.jpg,crop_wheat,unknown,aerial_crops,aerial_crop_IMG_5948_J,train,crop_aerial_train_0196.jpg
/Users/kr220/Documents/Projects/Qostanai_AgroTech_Hackathon_2026/case1/data/crops_wheat/crop_aerial_train_0197.jpg,crop_wheat,unknown,aerial_crops,aerial_crop_IMG_5948_J,train,crop_aerial_train_0197.jpg
/Users/kr220/Documents/Projects/Qostanai_AgroTech_Hackathon_2026/case1/data/crops_wheat/crop_aerial_train_0198.jpg,crop_wheat,unknown,aerial_crops,aerial_crop_IMG_5948_J,train,crop_aerial_train_0198.jpg
/Users/kr220/Documents/Projects/Qostanai_AgroTech_Hackathon_2026/case1/data/crops_wheat/crop_aerial_train_0202.jpg,crop_wheat,unknown,aerial_crops,aerial_crop_IMG_6111_J,train,crop_aerial_train_0202.jpg
/Users/kr220/Documents/Projects/Qostanai_AgroTech_Hackathon_2026/case1/data/crops_wheat/crop_aerial_train_0204.jpg,crop_wheat,unknown,aerial_crops,aerial_crop_IMG_5934_J,train,crop_aerial_train_0204.jpg
/Users/kr220/Documents/Projects/Qostanai_AgroTech_Hackathon_2026/case1/data/crops_wheat/crop_aerial_train_0217.jpg,crop_wheat,unknown,aerial_crops,aerial_crop_IMG_5934_J,train,crop_aerial_train_0217.jpg
/Users/kr220/Documents/Projects/Qostanai_AgroTech_Hackathon_2026/case1/data/crops_wheat/crop_aerial_train_0218.jpg,crop_wheat,unknown,aerial_crops,aerial_crop_IMG_5934_J,train,crop_aerial_train_0218.jpg
/Users/kr220/Documents/Projects/Qostanai_AgroTech_Hackathon_2026/case1/data/crops_wheat/crop_aerial_train_0219.jpg,crop_wheat,unknown,aerial_crops,aerial_crop_IMG_6183_J,train,crop_aerial_train_0219.jpg
/Users/kr220/Documents/Projects/Qostanai_AgroTech_Hackathon_2026/case1/data/crops_wheat/crop_aerial_train_0220.jpg,crop_wheat,unknown,aerial_crops,aerial_crop_IMG_6183_J,train,crop_aerial_train_0220.jpg
/Users/kr220/Documents/Projects/Qostanai_AgroTech_Hackathon_2026/case1/data/crops_wheat/crop_aerial_train_0221.jpg,crop_wheat,unknown,aerial_crops,aerial_crop_IMG_6183_J,train,crop_aerial_train_0221.jpg
/Users/kr220/Documents/Projects/Qostanai_AgroTech_Hackathon_2026/case1/data/crops_wheat/crop_aerial_train_0224.jpg,crop_wheat,unknown,aerial_crops,aerial_crop_IMG_5963_J,train,crop_aerial_train_0224.jpg
/Users/kr220/Documents/Projects/Qostanai_AgroTech_Hackathon_2026/case1/data/crops_wheat/crop_aerial_train_0232.jpg,crop_wheat,unknown,aerial_crops,aerial_crop_IMG_6099_J,train,crop_aerial_train_0232.jpg
/Users/kr220/Documents/Projects/Qostanai_AgroTech_Hackathon_2026/case1/data/crops_wheat/crop_aerial_train_0233.jpg,crop_wheat,unknown,aerial_crops,aerial_crop_IMG_5967_J,train,crop_aerial_train_0233.jpg
/Users/kr220/Documents/Projects/Qostanai_AgroTech_Hackathon_2026/case1/data/crops_wheat/crop_aerial_train_0234.jpg,crop_wheat,unknown,aerial_crops,aerial_crop_IMG_6165_J,train,crop_aerial_train_0234.jpg
/Users/kr220/Documents/Projects/Qostanai_AgroTech_Hackathon_2026/case1/data/crops_wheat/crop_aerial_train_0240.jpg,crop_wheat,unknown,aerial_crops,aerial_crop_IMG_5937_J,train,crop_aerial_train_0240.jpg
/Users/kr220/Documents/Projects/Qostanai_AgroTech_Hackathon_2026/case1/data/crops_wheat/crop_aerial_train_0248.jpg,crop_wheat,unknown,aerial_crops,aerial_crop_IMG_5921_J,train,crop_aerial_train_0248.jpg
/Users/kr220/Documents/Projects/Qostanai_AgroTech_Hackathon_2026/case1/data/crops_wheat/crop_aerial_train_0249.jpg,crop_wheat,unknown,aerial_crops,aerial_crop_IMG_5921_J,train,crop_aerial_train_0249.jpg
/Users/kr220/Documents/Projects/Qostanai_AgroTech_Hackathon_2026/case1/data/crops_wheat/crop_aerial_train_0250.jpg,crop_wheat,unknown,aerial_crops,aerial_crop_IMG_5921_J,train,crop_aerial_train_0250.jpg
/Users/kr220/Documents/Projects/Qostanai_AgroTech_Hackathon_2026/case1/data/crops_wheat/crop_aerial_train_0251.jpg,crop_wheat,unknown,aerial_crops,aerial_crop_IMG_5921_J,train,crop_aerial_train_0251.jpg
/Users/kr220/Documents/Projects/Qostanai_AgroTech_Hackathon_2026/case1/data/crops_wheat/crop_aerial_train_0253.jpg,crop_wheat,unknown,aerial_crops,aerial_crop_IMG_6100_J,train,crop_aerial_train_0253.jpg
/Users/kr220/Documents/Projects/Qostanai_AgroTech_Hackathon_2026/case1/data/crops_wheat/crop_aerial_train_0254.jpg,crop_wheat,unknown,aerial_crops,aerial_crop_IMG_6100_J,train,crop_aerial_train_0254.jpg
/Users/kr220/Documents/Projects/Qostanai_AgroTech_Hackathon_2026/case1/data/crops_wheat/crop_aerial_train_0255.jpg,crop_wheat,unknown,aerial_crops,aerial_crop_IMG_6100_J,train,crop_aerial_train_0255.jpg
/Users/kr220/Documents/Projects/Qostanai_AgroTech_Hackathon_2026/case1/data/crops_wheat/crop_aerial_train_0259.jpg,crop_wheat,unknown,aerial_crops,aerial_crop_IMG_6100_J,train,crop_aerial_train_0259.jpg
/Users/kr220/Documents/Projects/Qostanai_AgroTech_Hackathon_2026/case1/data/crops_wheat/crop_aerial_train_0262.jpg,crop_wheat,unknown,aerial_crops,aerial_crop_IMG_6007_J,train,crop_aerial_train_0262.jpg
/Users/kr220/Documents/Projects/Qostanai_AgroTech_Hackathon_2026/case1/data/crops_wheat/crop_aerial_train_0263.jpg,crop_wheat,unknown,aerial_crops,aerial_crop_IMG_6007_J,train,crop_aerial_train_0263.jpg
/Users/kr220/Documents/Projects/Qostanai_AgroTech_Hackathon_2026/case1/data/crops_wheat/crop_aerial_train_0264.jpg,crop_wheat,unknown,aerial_crops,aerial_crop_IMG_6007_J,train,crop_aerial_train_0264.jpg
/Users/kr220/Documents/Projects/Qostanai_AgroTech_Hackathon_2026/case1/data/crops_wheat/crop_aerial_train_0265.jpg,crop_wheat,unknown,aerial_crops,aerial_crop_IMG_5955_J,train,crop_aerial_train_0265.jpg
/Users/kr220/Documents/Projects/Qostanai_AgroTech_Hackathon_2026/case1/data/crops_wheat/crop_aerial_train_0268.jpg,crop_wheat,unknown,aerial_crops,aerial_crop_IMG_5919_J,train,crop_aerial_train_0268.jpg
/Users/kr220/Documents/Projects/Qostanai_AgroTech_Hackathon_2026/case1/data/crops_wheat/crop_aerial_train_0269.jpg,crop_wheat,unknown,aerial_crops,aerial_crop_IMG_5927_J,train,crop_aerial_train_0269.jpg
/Users/kr220/Documents/Projects/Qostanai_AgroTech_Hackathon_2026/case1/data/crops_wheat/crop_aerial_train_0270.jpg,crop_wheat,unknown,aerial_crops,aerial_crop_IMG_5927_J,train,crop_aerial_train_0270.jpg
/Users/kr220/Documents/Projects/Qostanai_AgroTech_Hackathon_2026/case1/data/crops_wheat/crop_aerial_train_0271.jpg,crop_wheat,unknown,aerial_crops,aerial_crop_IMG_5927_J,train,crop_aerial_train_0271.jpg
/Users/kr220/Documents/Projects/Qostanai_AgroTech_Hackathon_2026/case1/data/crops_wheat/crop_aerial_train_0272.jpg,crop_wheat,unknown,aerial_crops,aerial_crop_IMG_5927_J,train,crop_aerial_train_0272.jpg
/Users/kr220/Documents/Projects/Qostanai_AgroTech_Hackathon_2026/case1/data/crops_wheat/crop_aerial_train_0274.jpg,crop_wheat,unknown,aerial_crops,aerial_crop_IMG_5926_J,train,crop_aerial_train_0274.jpg
/Users/kr220/Documents/Projects/Qostanai_AgroTech_Hackathon_2026/case1/data/crops_wheat/crop_aerial_train_0275.jpg,crop_wheat,unknown,aerial_crops,aerial_crop_IMG_5926_J,train,crop_aerial_train_0275.jpg
/Users/kr220/Documents/Projects/Qostanai_AgroTech_Hackathon_2026/case1/data/crops_wheat/crop_aerial_train_0276.jpg,crop_wheat,unknown,aerial_crops,aerial_crop_IMG_5926_J,train,crop_aerial_train_0276.jpg
/Users/kr220/Documents/Projects/Qostanai_AgroTech_Hackathon_2026/case1/data/crops_wheat/crop_aerial_train_0277.jpg,crop_wheat,unknown,aerial_crops,aerial_crop_IMG_5926_J,train,crop_aerial_train_0277.jpg
/Users/kr220/Documents/Projects/Qostanai_AgroTech_Hackathon_2026/case1/data/crops_wheat/crop_aerial_valid_0000.jpg,crop_wheat,unknown,aerial_crops,aerial_crop_36961_jpg.,val,crop_aerial_valid_0000.jpg
/Users/kr220/Documents/Projects/Qostanai_AgroTech_Hackathon_2026/case1/data/crops_wheat/crop_aerial_valid_0002.jpg,crop_wheat,unknown,aerial_crops,aerial_crop_IMG_6014_J,val,crop_aerial_valid_0002.jpg
/Users/kr220/Documents/Projects/Qostanai_AgroTech_Hackathon_2026/case1/data/crops_wheat/crop_aerial_valid_0003.jpg,crop_wheat,unknown,aerial_crops,aerial_crop_IMG_6014_J,val,crop_aerial_valid_0003.jpg
/Users/kr220/Documents/Projects/Qostanai_AgroTech_Hackathon_2026/case1/data/crops_wheat/crop_aerial_valid_0005.jpg,crop_wheat,unknown,aerial_crops,aerial_crop_IMG_6014_J,val,crop_aerial_valid_0005.jpg
/Users/kr220/Documents/Projects/Qostanai_AgroTech_Hackathon_2026/case1/data/crops_wheat/crop_aerial_valid_0006.jpg,crop_wheat,unknown,aerial_crops,aerial_crop_37336_jpg.,val,crop_aerial_valid_0006.jpg
/Users/kr220/Documents/Projects/Qostanai_AgroTech_Hackathon_2026/case1/data/crops_wheat/crop_aerial_valid_0008.jpg,crop_wheat,unknown,aerial_crops,aerial_crop_IMG_6122_J,val,crop_aerial_valid_0008.jpg
/Users/kr220/Documents/Projects/Qostanai_AgroTech_Hackathon_2026/case1/data/crops_wheat/crop_aerial_valid_0010.jpg,crop_wheat,unknown,aerial_crops,aerial_crop_IMG_6122_J,val,crop_aerial_valid_0010.jpg
/Users/kr220/Documents/Projects/Qostanai_AgroTech_Hackathon_2026/case1/data/crops_wheat/crop_aerial_valid_0011.jpg,crop_wheat,unknown,aerial_crops,aerial_crop_IMG_6180_J,val,crop_aerial_valid_0011.jpg
/Users/kr220/Documents/Projects/Qostanai_AgroTech_Hackathon_2026/case1/data/crops_wheat/crop_aerial_valid_0012.jpg,crop_wheat,unknown,aerial_crops,aerial_crop_IMG_6180_J,val,crop_aerial_valid_0012.jpg
/Users/kr220/Documents/Projects/Qostanai_AgroTech_Hackathon_2026/case1/data/crops_wheat/crop_aerial_valid_0013.jpg,crop_wheat,unknown,aerial_crops,aerial_crop_IMG_6180_J,val,crop_aerial_valid_0013.jpg
/Users/kr220/Documents/Projects/Qostanai_AgroTech_Hackathon_2026/case1/data/crops_wheat/crop_aerial_valid_0015.jpg,crop_wheat,unknown,aerial_crops,aerial_crop_IMG_6180_J,val,crop_aerial_valid_0015.jpg
/Users/kr220/Documents/Projects/Qostanai_AgroTech_Hackathon_2026/case1/data/crops_wheat/crop_aerial_valid_0016.jpg,crop_wheat,unknown,aerial_crops,aerial_crop_IMG_6180_J,val,crop_aerial_valid_0016.jpg
/Users/kr220/Documents/Projects/Qostanai_AgroTech_Hackathon_2026/case1/data/crops_wheat/crop_aerial_valid_0017.jpg,crop_wheat,unknown,aerial_crops,aerial_crop_IMG_6180_J,val,crop_aerial_valid_0017.jpg
/Users/kr220/Documents/Projects/Qostanai_AgroTech_Hackathon_2026/case1/data/crops_wheat/crop_aerial_valid_0019.jpg,crop_wheat,unknown,aerial_crops,aerial_crop_IMG_6180_J,val,crop_aerial_valid_0019.jpg
/Users/kr220/Documents/Projects/Qostanai_AgroTech_Hackathon_2026/case1/data/crops_wheat/crop_aerial_valid_0020.jpg,crop_wheat,unknown,aerial_crops,aerial_crop_37246_jpg.,val,crop_aerial_valid_0020.jpg
/Users/kr220/Documents/Projects/Qostanai_AgroTech_Hackathon_2026/case1/data/crops_wheat/crop_aerial_valid_0021.jpg,crop_wheat,unknown,aerial_crops,aerial_crop_37383_jpg.,val,crop_aerial_valid_0021.jpg
/Users/kr220/Documents/Projects/Qostanai_AgroTech_Hackathon_2026/case1/data/crops_wheat/crop_aerial_valid_0022.jpg,crop_wheat,unknown,aerial_crops,aerial_crop_IMG_5962_J,val,crop_aerial_valid_0022.jpg
/Users/kr220/Documents/Projects/Qostanai_AgroTech_Hackathon_2026/case1/data/crops_wheat/crop_aerial_valid_0024.jpg,crop_wheat,unknown,aerial_crops,aerial_crop_IMG_6184_J,val,crop_aerial_valid_0024.jpg
/Users/kr220/Documents/Projects/Qostanai_AgroTech_Hackathon_2026/case1/data/crops_wheat/crop_aerial_valid_0025.jpg,crop_wheat,unknown,aerial_crops,aerial_crop_IMG_6174_J,val,crop_aerial_valid_0025.jpg
/Users/kr220/Documents/Projects/Qostanai_AgroTech_Hackathon_2026/case1/data/crops_wheat/crop_aerial_valid_0026.jpg,crop_wheat,unknown,aerial_crops,aerial_crop_IMG_6181_J,val,crop_aerial_valid_0026.jpg
/Users/kr220/Documents/Projects/Qostanai_AgroTech_Hackathon_2026/case1/data/crops_wheat/crop_aerial_valid_0029.jpg,crop_wheat,unknown,aerial_crops,aerial_crop_IMG_6181_J,val,crop_aerial_valid_0029.jpg
/Users/kr220/Documents/Projects/Qostanai_AgroTech_Hackathon_2026/case1/data/crops_wheat/crop_aerial_valid_0030.jpg,crop_wheat,unknown,aerial_crops,aerial_crop_IMG_6181_J,val,crop_aerial_valid_0030.jpg
/Users/kr220/Documents/Projects/Qostanai_AgroTech_Hackathon_2026/case1/data/crops_wheat/crop_aerial_valid_0031.jpg,crop_wheat,unknown,aerial_crops,aerial_crop_IMG_6181_J,val,crop_aerial_valid_0031.jpg
/Users/kr220/Documents/Projects/Qostanai_AgroTech_Hackathon_2026/case1/data/crops_wheat/crop_aerial_valid_0034.jpg,crop_wheat,unknown,aerial_crops,aerial_crop_IMG_6181_J,val,crop_aerial_valid_0034.jpg
/Users/kr220/Documents/Projects/Qostanai_AgroTech_Hackathon_2026/case1/data/crops_wheat/crop_aerial_valid_0035.jpg,crop_wheat,unknown,aerial_crops,aerial_crop_IMG_6094_J,val,crop_aerial_valid_0035.jpg
/Users/kr220/Documents/Projects/Qostanai_AgroTech_Hackathon_2026/case1/data/crops_wheat/crop_aerial_valid_0036.jpg,crop_wheat,unknown,aerial_crops,aerial_crop_IMG_6107_J,val,crop_aerial_valid_0036.jpg
/Users/kr220/Documents/Projects/Qostanai_AgroTech_Hackathon_2026/case1/data/crops_wheat/crop_aerial_valid_0037.jpg,crop_wheat,unknown,aerial_crops,aerial_crop_IMG_6107_J,val,crop_aerial_valid_0037.jpg
/Users/kr220/Documents/Projects/Qostanai_AgroTech_Hackathon_2026/case1/data/crops_wheat/crop_aerial_valid_0038.jpg,crop_wheat,unknown,aerial_crops,aerial_crop_IMG_6107_J,val,crop_aerial_valid_0038.jpg
/Users/kr220/Documents/Projects/Qostanai_AgroTech_Hackathon_2026/case1/data/crops_wheat/crop_aerial_valid_0039.jpg,crop_wheat,unknown,aerial_crops,aerial_crop_IMG_6201_J,val,crop_aerial_valid_0039.jpg
/Users/kr220/Documents/Projects/Qostanai_AgroTech_Hackathon_2026/case1/data/crops_wheat/crop_aerial_valid_0040.jpg,crop_wheat,unknown,aerial_crops,aerial_crop_IMG_5951_J,val,crop_aerial_valid_0040.jpg
/Users/kr220/Documents/Projects/Qostanai_AgroTech_Hackathon_2026/case1/data/crops_wheat/crop_aerial_valid_0042.jpg,crop_wheat,unknown,aerial_crops,aerial_crop_IMG_5925_J,val,crop_aerial_valid_0042.jpg
/Users/kr220/Documents/Projects/Qostanai_AgroTech_Hackathon_2026/case1/data/crops_wheat/crop_aerial_valid_0043.jpg,crop_wheat,unknown,aerial_crops,aerial_crop_IMG_5925_J,val,crop_aerial_valid_0043.jpg
/Users/kr220/Documents/Projects/Qostanai_AgroTech_Hackathon_2026/case1/data/crops_wheat/crop_aerial_valid_0045.jpg,crop_wheat,unknown,aerial_crops,aerial_crop_IMG_5925_J,val,crop_aerial_valid_0045.jpg
/Users/kr220/Documents/Projects/Qostanai_AgroTech_Hackathon_2026/case1/data/crops_wheat/crop_aerial_valid_0046.jpg,crop_wheat,unknown,aerial_crops,aerial_crop_IMG_5925_J,val,crop_aerial_valid_0046.jpg
/Users/kr220/Documents/Projects/Qostanai_AgroTech_Hackathon_2026/case1/data/crops_wheat/crop_aerial_test_0000.jpg,crop_wheat,unknown,aerial_crops,aerial_crop_IMG_5932_J,test,crop_aerial_test_0000.jpg
/Users/kr220/Documents/Projects/Qostanai_AgroTech_Hackathon_2026/case1/data/crops_wheat/crop_aerial_test_0002.jpg,crop_wheat,unknown,aerial_crops,aerial_crop_IMG_6198_J,test,crop_aerial_test_0002.jpg
/Users/kr220/Documents/Projects/Qostanai_AgroTech_Hackathon_2026/case1/data/crops_wheat/crop_aerial_test_0004.jpg,crop_wheat,unknown,aerial_crops,aerial_crop_IMG_6198_J,test,crop_aerial_test_0004.jpg
/Users/kr220/Documents/Projects/Qostanai_AgroTech_Hackathon_2026/case1/data/crops_wheat/crop_aerial_test_0006.jpg,crop_wheat,unknown,aerial_crops,aerial_crop_IMG_6198_J,test,crop_aerial_test_0006.jpg
/Users/kr220/Documents/Projects/Qostanai_AgroTech_Hackathon_2026/case1/data/crops_wheat/crop_aerial_test_0007.jpg,crop_wheat,unknown,aerial_crops,aerial_crop_IMG_6198_J,test,crop_aerial_test_0007.jpg
/Users/kr220/Documents/Projects/Qostanai_AgroTech_Hackathon_2026/case1/data/crops_wheat/crop_aerial_test_0010.jpg,crop_wheat,unknown,aerial_crops,aerial_crop_IMG_6198_J,test,crop_aerial_test_0010.jpg
/Users/kr220/Documents/Projects/Qostanai_AgroTech_Hackathon_2026/case1/data/crops_wheat/crop_aerial_test_0012.jpg,crop_wheat,unknown,aerial_crops,aerial_crop_IMG_6009_J,test,crop_aerial_test_0012.jpg
/Users/kr220/Documents/Projects/Qostanai_AgroTech_Hackathon_2026/case1/data/crops_wheat/crop_aerial_test_0013.jpg,crop_wheat,unknown,aerial_crops,aerial_crop_IMG_5920_J,test,crop_aerial_test_0013.jpg
/Users/kr220/Documents/Projects/Qostanai_AgroTech_Hackathon_2026/case1/data/crops_wheat/crop_aerial_test_0014.jpg,crop_wheat,unknown,aerial_crops,aerial_crop_IMG_5920_J,test,crop_aerial_test_0014.jpg
/Users/kr220/Documents/Projects/Qostanai_AgroTech_Hackathon_2026/case1/data/crops_wheat/crop_aerial_test_0015.jpg,crop_wheat,unknown,aerial_crops,aerial_crop_IMG_5920_J,test,crop_aerial_test_0015.jpg
/Users/kr220/Documents/Projects/Qostanai_AgroTech_Hackathon_2026/case1/data/crops_wheat/crop_aerial_test_0016.jpg,crop_wheat,unknown,aerial_crops,aerial_crop_IMG_5920_J,test,crop_aerial_test_0016.jpg
/Users/kr220/Documents/Projects/Qostanai_AgroTech_Hackathon_2026/case1/data/crops_wheat/crop_aerial_test_0017.jpg,crop_wheat,unknown,aerial_crops,aerial_crop_IMG_5920_J,test,crop_aerial_test_0017.jpg
/Users/kr220/Documents/Projects/Qostanai_AgroTech_Hackathon_2026/case1/data/crops_wheat/crop_aerial_test_0018.jpg,crop_wheat,unknown,aerial_crops,aerial_crop_IMG_6194_J,test,crop_aerial_test_0018.jpg
/Users/kr220/Documents/Projects/Qostanai_AgroTech_Hackathon_2026/case1/data/crops_wheat/crop_aerial_test_0019.jpg,crop_wheat,unknown,aerial_crops,aerial_crop_IMG_6194_J,test,crop_aerial_test_0019.jpg
/Users/kr220/Documents/Projects/Qostanai_AgroTech_Hackathon_2026/case1/data/crops_wheat/crop_aerial_test_0020.jpg,crop_wheat,unknown,aerial_crops,aerial_crop_IMG_6194_J,test,crop_aerial_test_0020.jpg
/Users/kr220/Documents/Projects/Qostanai_AgroTech_Hackathon_2026/case1/data/crops_wheat/crop_aerial_test_0021.jpg,crop_wheat,unknown,aerial_crops,aerial_crop_IMG_6175_J,test,crop_aerial_test_0021.jpg
/Users/kr220/Documents/Projects/Qostanai_AgroTech_Hackathon_2026/case1/data/crops_wheat/crop_aerial_test_0025.jpg,crop_wheat,unknown,aerial_crops,aerial_crop_IMG_6175_J,test,crop_aerial_test_0025.jpg
/Users/kr220/Documents/Projects/Qostanai_AgroTech_Hackathon_2026/case1/data/crops_wheat/crop_aerial_test_0026.jpg,crop_wheat,unknown,aerial_crops,aerial_crop_IMG_6175_J,test,crop_aerial_test_0026.jpg
/Users/kr220/Documents/Projects/Qostanai_AgroTech_Hackathon_2026/case1/data/crops_wheat/crop_aerial_test_0030.jpg,crop_wheat,unknown,aerial_crops,aerial_crop_IMG_6195_J,test,crop_aerial_test_0030.jpg
/Users/kr220/Documents/Projects/Qostanai_AgroTech_Hackathon_2026/case1/data/crops_wheat/crop_aerial_test_0031.jpg,crop_wheat,unknown,aerial_crops,aerial_crop_IMG_6195_J,test,crop_aerial_test_0031.jpg
/Users/kr220/Documents/Projects/Qostanai_AgroTech_Hackathon_2026/case1/data/crops_wheat/crop_aerial_test_0032.jpg,crop_wheat,unknown,aerial_crops,aerial_crop_IMG_6195_J,test,crop_aerial_test_0032.jpg
/Users/kr220/Documents/Projects/Qostanai_AgroTech_Hackathon_2026/case1/data/crops_wheat/crop_aerial_test_0033.jpg,crop_wheat,unknown,aerial_crops,aerial_crop_IMG_6195_J,test,crop_aerial_test_0033.jpg
/Users/kr220/Documents/Projects/Qostanai_AgroTech_Hackathon_2026/case1/data/crops_wheat/crop_aerial_test_0034.jpg,crop_wheat,unknown,aerial_crops,aerial_crop_IMG_6195_J,test,crop_aerial_test_0034.jpg
/Users/kr220/Documents/Projects/Qostanai_AgroTech_Hackathon_2026/case1/data/crops_wheat/crop_aerial_test_0035.jpg,crop_wheat,unknown,aerial_crops,aerial_crop_IMG_6195_J,test,crop_aerial_test_0035.jpg
/Users/kr220/Documents/Projects/Qostanai_AgroTech_Hackathon_2026/case1/data/crops_wheat/crop_aerial_test_0036.jpg,crop_wheat,unknown,aerial_crops,aerial_crop_IMG_6195_J,test,crop_aerial_test_0036.jpg
/Users/kr220/Documents/Projects/Qostanai_AgroTech_Hackathon_2026/case1/data/crops_wheat/crop_aerial_test_0039.jpg,crop_wheat,unknown,aerial_crops,aerial_crop_IMG_6101_J,test,crop_aerial_test_0039.jpg
/Users/kr220/Documents/Projects/Qostanai_AgroTech_Hackathon_2026/case1/data/crops_wheat/crop_aerial_test_0041.jpg,crop_wheat,unknown,aerial_crops,aerial_crop_IMG_6155_J,test,crop_aerial_test_0041.jpg
/Users/kr220/Documents/Projects/Qostanai_AgroTech_Hackathon_2026/case1/data/crops_wheat/crop_aerial_test_0042.jpg,crop_wheat,unknown,aerial_crops,aerial_crop_IMG_6155_J,test,crop_aerial_test_0042.jpg
/Users/kr220/Documents/Projects/Qostanai_AgroTech_Hackathon_2026/case1/data/crops_wheat/crop_aerial_test_0044.jpg,crop_wheat,unknown,aerial_crops,aerial_crop_IMG_6155_J,test,crop_aerial_test_0044.jpg
/Users/kr220/Documents/Projects/Qostanai_AgroTech_Hackathon_2026/case1/data/crops_wheat/crop_aerial_test_0045.jpg,crop_wheat,unknown,aerial_crops,aerial_crop_IMG_6155_J,test,crop_aerial_test_0045.jpg
/Users/kr220/Documents/Projects/Qostanai_AgroTech_Hackathon_2026/case1/data/crops_wheat/crop_aerial_test_0047.jpg,crop_wheat,unknown,aerial_crops,aerial_crop_IMG_6155_J,test,crop_aerial_test_0047.jpg
/Users/kr220/Documents/Projects/Qostanai_AgroTech_Hackathon_2026/case1/data/crops_wheat/crop_aerial_test_0048.jpg,crop_wheat,unknown,aerial_crops,aerial_crop_IMG_5994_J,test,crop_aerial_test_0048.jpg
/Users/kr220/Documents/Projects/Qostanai_AgroTech_Hackathon_2026/case1/data/crops_wheat/crop_aerial_test_0049.jpg,crop_wheat,unknown,aerial_crops,aerial_crop_IMG_5994_J,test,crop_aerial_test_0049.jpg
/Users/kr220/Documents/Projects/Qostanai_AgroTech_Hackathon_2026/case1/data/crops_wheat/crop_aerial_test_0050.jpg,crop_wheat,unknown,aerial_crops,aerial_crop_IMG_5994_J,test,crop_aerial_test_0050.jpg
/Users/kr220/Documents/Projects/Qostanai_AgroTech_Hackathon_2026/case1/data/crops_wheat/crop_aerial_test_0052.jpg,crop_wheat,unknown,aerial_crops,aerial_crop_IMG_5994_J,test,crop_aerial_test_0052.jpg
/Users/kr220/Documents/Projects/Qostanai_AgroTech_Hackathon_2026/case1/data/crops_wheat/crop_aerial_test_0053.jpg,crop_wheat,unknown,aerial_crops,aerial_crop_IMG_5994_J,test,crop_aerial_test_0053.jpg
/Users/kr220/Documents/Projects/Qostanai_AgroTech_Hackathon_2026/case1/data/crops_wheat/crop_aerial_test_0054.jpg,crop_wheat,unknown,aerial_crops,aerial_crop_IMG_5994_J,test,crop_aerial_test_0054.jpg
/Users/kr220/Documents/Projects/Qostanai_AgroTech_Hackathon_2026/case1/data/crops_wheat/crop_aerial_test_0063.jpg,crop_wheat,unknown,aerial_crops,aerial_crop_IMG_5949_J,test,crop_aerial_test_0063.jpg
/Users/kr220/Documents/Projects/Qostanai_AgroTech_Hackathon_2026/case1/data/crops_wheat/crop_aerial_test_0064.jpg,crop_wheat,unknown,aerial_crops,aerial_crop_IMG_5949_J,test,crop_aerial_test_0064.jpg
/Users/kr220/Documents/Projects/Qostanai_AgroTech_Hackathon_2026/case1/data/crops_wheat/crop_aerial_test_0065.jpg,crop_wheat,unknown,aerial_crops,aerial_crop_IMG_5949_J,test,crop_aerial_test_0065.jpg
/Users/kr220/Documents/Projects/Qostanai_AgroTech_Hackathon_2026/case1/data/crops_wheat/crop_aerial_test_0066.jpg,crop_wheat,unknown,aerial_crops,aerial_crop_IMG_5949_J,test,crop_aerial_test_0066.jpg
/Users/kr220/Documents/Projects/Qostanai_AgroTech_Hackathon_2026/case1/data/crops_wheat/crop_aerial_test_0067.jpg,crop_wheat,unknown,aerial_crops,aerial_crop_IMG_5949_J,test,crop_aerial_test_0067.jpg
/Users/kr220/Documents/Projects/Qostanai_AgroTech_Hackathon_2026/case1/data/crops_wheat/crop_aerial_test_0069.jpg,crop_wheat,unknown,aerial_crops,aerial_crop_IMG_5954_J,test,crop_aerial_test_0069.jpg
/Users/kr220/Documents/Projects/Qostanai_AgroTech_Hackathon_2026/case1/data/crops_wheat/crop_aerial_test_0077.jpg,crop_wheat,unknown,aerial_crops,aerial_crop_IMG_5936_J,test,crop_aerial_test_0077.jpg
/Users/kr220/Documents/Projects/Qostanai_AgroTech_Hackathon_2026/case1/data/crops_wheat/crop_aerial_test_0078.jpg,crop_wheat,unknown,aerial_crops,aerial_crop_IMG_6185_J,test,crop_aerial_test_0078.jpg
/Users/kr220/Documents/Projects/Qostanai_AgroTech_Hackathon_2026/case1/data/crops_wheat/crop_aerial_test_0079.jpg,crop_wheat,unknown,aerial_crops,aerial_crop_IMG_6185_J,test,crop_aerial_test_0079.jpg
/Users/kr220/Documents/Projects/Qostanai_AgroTech_Hackathon_2026/case1/data/crops_wheat/crop_aerial_test_0080.jpg,crop_wheat,unknown,aerial_crops,aerial_crop_IMG_6185_J,test,crop_aerial_test_0080.jpg
/Users/kr220/Documents/Projects/Qostanai_AgroTech_Hackathon_2026/case1/data/crops_wheat/crop_aerial_test_0081.jpg,crop_wheat,unknown,aerial_crops,aerial_crop_IMG_6185_J,test,crop_aerial_test_0081.jpg
/Users/kr220/Documents/Projects/Qostanai_AgroTech_Hackathon_2026/case1/data/crops_wheat/crop_aerial_test_0082.jpg,crop_wheat,unknown,aerial_crops,aerial_crop_IMG_6185_J,test,crop_aerial_test_0082.jpg
/Users/kr220/Documents/Projects/Qostanai_AgroTech_Hackathon_2026/case1/data/crops_wheat/crop_aerial_test_0083.jpg,crop_wheat,unknown,aerial_crops,aerial_crop_IMG_5953_J,test,crop_aerial_test_0083.jpg
/Users/kr220/Documents/Projects/Qostanai_AgroTech_Hackathon_2026/case1/data/crops_wheat/crop_aerial_test_0084.jpg,crop_wheat,unknown,aerial_crops,aerial_crop_IMG_5953_J,test,crop_aerial_test_0084.jpg
/Users/kr220/Documents/Projects/Qostanai_AgroTech_Hackathon_2026/case1/data/crops_wheat/patch_dji_DJI_20260615134520_0343_D_00.jpg,crop_wheat,unknown,dji_field_crops,dji_patch_DJI_20260615134520_0343_D,train,patch_dji_DJI_20260615134520_0343_D_00.jpg
/Users/kr220/Documents/Projects/Qostanai_AgroTech_Hackathon_2026/case1/data/crops_wheat/patch_dji_DJI_20260615134520_0343_D_01.jpg,crop_wheat,unknown,dji_field_crops,dji_patch_DJI_20260615134520_0343_D,train,patch_dji_DJI_20260615134520_0343_D_01.jpg
/Users/kr220/Documents/Projects/Qostanai_AgroTech_Hackathon_2026/case1/data/crops_wheat/patch_dji_DJI_20260615134520_0343_D_02.jpg,crop_wheat,unknown,dji_field_crops,dji_patch_DJI_20260615134520_0343_D,train,patch_dji_DJI_20260615134520_0343_D_02.jpg
/Users/kr220/Documents/Projects/Qostanai_AgroTech_Hackathon_2026/case1/data/crops_wheat/patch_dji_DJI_20260615134520_0343_D_03.jpg,crop_wheat,unknown,dji_field_crops,dji_patch_DJI_20260615134520_0343_D,train,patch_dji_DJI_20260615134520_0343_D_03.jpg
/Users/kr220/Documents/Projects/Qostanai_AgroTech_Hackathon_2026/case1/data/crops_wheat/patch_dji_DJI_20260615134520_0343_D_04.jpg,crop_wheat,unknown,dji_field_crops,dji_patch_DJI_20260615134520_0343_D,train,patch_dji_DJI_20260615134520_0343_D_04.jpg
/Users/kr220/Documents/Projects/Qostanai_AgroTech_Hackathon_2026/case1/data/crops_wheat/patch_dji_DJI_20260615134520_0343_D_05.jpg,crop_wheat,unknown,dji_field_crops,dji_patch_DJI_20260615134520_0343_D,train,patch_dji_DJI_20260615134520_0343_D_05.jpg
/Users/kr220/Documents/Projects/Qostanai_AgroTech_Hackathon_2026/case1/data/crops_wheat/patch_dji_DJI_20260615134520_0343_D_06.jpg,crop_wheat,unknown,dji_field_crops,dji_patch_DJI_20260615134520_0343_D,val,patch_dji_DJI_20260615134520_0343_D_06.jpg
/Users/kr220/Documents/Projects/Qostanai_AgroTech_Hackathon_2026/case1/data/crops_wheat/patch_dji_DJI_20260615134520_0343_D_07.jpg,crop_wheat,unknown,dji_field_crops,dji_patch_DJI_20260615134520_0343_D,train,patch_dji_DJI_20260615134520_0343_D_07.jpg
/Users/kr220/Documents/Projects/Qostanai_AgroTech_Hackathon_2026/case1/data/crops_wheat/patch_dji_DJI_20260615134520_0343_D_08.jpg,crop_wheat,unknown,dji_field_crops,dji_patch_DJI_20260615134520_0343_D,train,patch_dji_DJI_20260615134520_0343_D_08.jpg
/Users/kr220/Documents/Projects/Qostanai_AgroTech_Hackathon_2026/case1/data/crops_wheat/patch_dji_DJI_20260615134520_0343_D_09.jpg,crop_wheat,unknown,dji_field_crops,dji_patch_DJI_20260615134520_0343_D,val,patch_dji_DJI_20260615134520_0343_D_09.jpg
/Users/kr220/Documents/Projects/Qostanai_AgroTech_Hackathon_2026/case1/data/crops_wheat/patch_dji_DJI_20260615134520_0343_D_10.jpg,crop_wheat,unknown,dji_field_crops,dji_patch_DJI_20260615134520_0343_D,train,patch_dji_DJI_20260615134520_0343_D_10.jpg
/Users/kr220/Documents/Projects/Qostanai_AgroTech_Hackathon_2026/case1/data/crops_wheat/patch_dji_DJI_20260615134520_0343_D_11.jpg,crop_wheat,unknown,dji_field_crops,dji_patch_DJI_20260615134520_0343_D,test,patch_dji_DJI_20260615134520_0343_D_11.jpg
/Users/kr220/Documents/Projects/Qostanai_AgroTech_Hackathon_2026/case1/data/crops_wheat/patch_dji_DJI_20260615134520_0343_D_12.jpg,crop_wheat,unknown,dji_field_crops,dji_patch_DJI_20260615134520_0343_D,train,patch_dji_DJI_20260615134520_0343_D_12.jpg
/Users/kr220/Documents/Projects/Qostanai_AgroTech_Hackathon_2026/case1/data/crops_wheat/patch_dji_DJI_20260615134520_0343_D_13.jpg,crop_wheat,unknown,dji_field_crops,dji_patch_DJI_20260615134520_0343_D,val,patch_dji_DJI_20260615134520_0343_D_13.jpg
/Users/kr220/Documents/Projects/Qostanai_AgroTech_Hackathon_2026/case1/data/crops_wheat/patch_dji_DJI_20260615134520_0343_D_14.jpg,crop_wheat,unknown,dji_field_crops,dji_patch_DJI_20260615134520_0343_D,val,patch_dji_DJI_20260615134520_0343_D_14.jpg
/Users/kr220/Documents/Projects/Qostanai_AgroTech_Hackathon_2026/case1/data/crops_wheat/patch_dji_DJI_20260615134520_0343_D_15.jpg,crop_wheat,unknown,dji_field_crops,dji_patch_DJI_20260615134520_0343_D,train,patch_dji_DJI_20260615134520_0343_D_15.jpg
/Users/kr220/Documents/Projects/Qostanai_AgroTech_Hackathon_2026/case1/data/crops_wheat/patch_dji_DJI_20260615134520_0343_D_16.jpg,crop_wheat,unknown,dji_field_crops,dji_patch_DJI_20260615134520_0343_D,train,patch_dji_DJI_20260615134520_0343_D_16.jpg
/Users/kr220/Documents/Projects/Qostanai_AgroTech_Hackathon_2026/case1/data/crops_wheat/patch_dji_DJI_20260615134520_0343_D_17.jpg,crop_wheat,unknown,dji_field_crops,dji_patch_DJI_20260615134520_0343_D,test,patch_dji_DJI_20260615134520_0343_D_17.jpg
/Users/kr220/Documents/Projects/Qostanai_AgroTech_Hackathon_2026/case1/data/crops_wheat/patch_dji_DJI_20260615134520_0343_D_18.jpg,crop_wheat,unknown,dji_field_crops,dji_patch_DJI_20260615134520_0343_D,train,patch_dji_DJI_20260615134520_0343_D_18.jpg
/Users/kr220/Documents/Projects/Qostanai_AgroTech_Hackathon_2026/case1/data/crops_wheat/patch_dji_DJI_20260615134520_0343_D_19.jpg,crop_wheat,unknown,dji_field_crops,dji_patch_DJI_20260615134520_0343_D,train,patch_dji_DJI_20260615134520_0343_D_19.jpg
/Users/kr220/Documents/Projects/Qostanai_AgroTech_Hackathon_2026/case1/data/crops_wheat/patch_dji_DJI_20260615134123_0339_D_00.jpg,crop_wheat,unknown,dji_field_crops,dji_patch_DJI_20260615134123_0339_D,test,patch_dji_DJI_20260615134123_0339_D_00.jpg
/Users/kr220/Documents/Projects/Qostanai_AgroTech_Hackathon_2026/case1/data/crops_wheat/patch_dji_DJI_20260615134123_0339_D_01.jpg,crop_wheat,unknown,dji_field_crops,dji_patch_DJI_20260615134123_0339_D,test,patch_dji_DJI_20260615134123_0339_D_01.jpg
/Users/kr220/Documents/Projects/Qostanai_AgroTech_Hackathon_2026/case1/data/crops_wheat/patch_dji_DJI_20260615134123_0339_D_02.jpg,crop_wheat,unknown,dji_field_crops,dji_patch_DJI_20260615134123_0339_D,train,patch_dji_DJI_20260615134123_0339_D_02.jpg
/Users/kr220/Documents/Projects/Qostanai_AgroTech_Hackathon_2026/case1/data/crops_wheat/patch_dji_DJI_20260615134123_0339_D_03.jpg,crop_wheat,unknown,dji_field_crops,dji_patch_DJI_20260615134123_0339_D,train,patch_dji_DJI_20260615134123_0339_D_03.jpg
/Users/kr220/Documents/Projects/Qostanai_AgroTech_Hackathon_2026/case1/data/crops_wheat/patch_dji_DJI_20260615134123_0339_D_04.jpg,crop_wheat,unknown,dji_field_crops,dji_patch_DJI_20260615134123_0339_D,train,patch_dji_DJI_20260615134123_0339_D_04.jpg
/Users/kr220/Documents/Projects/Qostanai_AgroTech_Hackathon_2026/case1/data/crops_wheat/patch_dji_DJI_20260615134123_0339_D_05.jpg,crop_wheat,unknown,dji_field_crops,dji_patch_DJI_20260615134123_0339_D,train,patch_dji_DJI_20260615134123_0339_D_05.jpg
/Users/kr220/Documents/Projects/Qostanai_AgroTech_Hackathon_2026/case1/data/crops_wheat/patch_dji_DJI_20260615134123_0339_D_06.jpg,crop_wheat,unknown,dji_field_crops,dji_patch_DJI_20260615134123_0339_D,val,patch_dji_DJI_20260615134123_0339_D_06.jpg
/Users/kr220/Documents/Projects/Qostanai_AgroTech_Hackathon_2026/case1/data/crops_wheat/patch_dji_DJI_20260615134123_0339_D_07.jpg,crop_wheat,unknown,dji_field_crops,dji_patch_DJI_20260615134123_0339_D,train,patch_dji_DJI_20260615134123_0339_D_07.jpg
/Users/kr220/Documents/Projects/Qostanai_AgroTech_Hackathon_2026/case1/data/crops_wheat/patch_dji_DJI_20260615134123_0339_D_08.jpg,crop_wheat,unknown,dji_field_crops,dji_patch_DJI_20260615134123_0339_D,train,patch_dji_DJI_20260615134123_0339_D_08.jpg
/Users/kr220/Documents/Projects/Qostanai_AgroTech_Hackathon_2026/case1/data/crops_wheat/patch_dji_DJI_20260615134123_0339_D_09.jpg,crop_wheat,unknown,dji_field_crops,dji_patch_DJI_20260615134123_0339_D,train,patch_dji_DJI_20260615134123_0339_D_09.jpg
/Users/kr220/Documents/Projects/Qostanai_AgroTech_Hackathon_2026/case1/data/crops_wheat/patch_dji_DJI_20260615134123_0339_D_10.jpg,crop_wheat,unknown,dji_field_crops,dji_patch_DJI_20260615134123_0339_D,train,patch_dji_DJI_20260615134123_0339_D_10.jpg
/Users/kr220/Documents/Projects/Qostanai_AgroTech_Hackathon_2026/case1/data/crops_wheat/patch_dji_DJI_20260615134123_0339_D_11.jpg,crop_wheat,unknown,dji_field_crops,dji_patch_DJI_20260615134123_0339_D,test,patch_dji_DJI_20260615134123_0339_D_11.jpg
/Users/kr220/Documents/Projects/Qostanai_AgroTech_Hackathon_2026/case1/data/crops_wheat/patch_dji_DJI_20260615134123_0339_D_12.jpg,crop_wheat,unknown,dji_field_crops,dji_patch_DJI_20260615134123_0339_D,train,patch_dji_DJI_20260615134123_0339_D_12.jpg
/Users/kr220/Documents/Projects/Qostanai_AgroTech_Hackathon_2026/case1/data/crops_wheat/patch_dji_DJI_20260615134123_0339_D_13.jpg,crop_wheat,unknown,dji_field_crops,dji_patch_DJI_20260615134123_0339_D,test,patch_dji_DJI_20260615134123_0339_D_13.jpg
/Users/kr220/Documents/Projects/Qostanai_AgroTech_Hackathon_2026/case1/data/crops_wheat/patch_dji_DJI_20260615134123_0339_D_14.jpg,crop_wheat,unknown,dji_field_crops,dji_patch_DJI_20260615134123_0339_D,train,patch_dji_DJI_20260615134123_0339_D_14.jpg
/Users/kr220/Documents/Projects/Qostanai_AgroTech_Hackathon_2026/case1/data/crops_wheat/patch_dji_DJI_20260615134123_0339_D_15.jpg,crop_wheat,unknown,dji_field_crops,dji_patch_DJI_20260615134123_0339_D,val,patch_dji_DJI_20260615134123_0339_D_15.jpg
/Users/kr220/Documents/Projects/Qostanai_AgroTech_Hackathon_2026/case1/data/crops_wheat/patch_dji_DJI_20260615134123_0339_D_16.jpg,crop_wheat,unknown,dji_field_crops,dji_patch_DJI_20260615134123_0339_D,val,patch_dji_DJI_20260615134123_0339_D_16.jpg
/Users/kr220/Documents/Projects/Qostanai_AgroTech_Hackathon_2026/case1/data/crops_wheat/patch_dji_DJI_20260615134123_0339_D_17.jpg,crop_wheat,unknown,dji_field_crops,dji_patch_DJI_20260615134123_0339_D,train,patch_dji_DJI_20260615134123_0339_D_17.jpg
/Users/kr220/Documents/Projects/Qostanai_AgroTech_Hackathon_2026/case1/data/crops_wheat/patch_dji_DJI_20260615134123_0339_D_18.jpg,crop_wheat,unknown,dji_field_crops,dji_patch_DJI_20260615134123_0339_D,train,patch_dji_DJI_20260615134123_0339_D_18.jpg
/Users/kr220/Documents/Projects/Qostanai_AgroTech_Hackathon_2026/case1/data/crops_wheat/patch_dji_DJI_20260615134123_0339_D_19.jpg,crop_wheat,unknown,dji_field_crops,dji_patch_DJI_20260615134123_0339_D,test,patch_dji_DJI_20260615134123_0339_D_19.jpg
/Users/kr220/Documents/Projects/Qostanai_AgroTech_Hackathon_2026/case1/data/crops_wheat/patch_dji_DJI_20260609122641_0177_D_00.jpg,crop_wheat,unknown,dji_field_crops,dji_patch_DJI_20260609122641_0177_D,val,patch_dji_DJI_20260609122641_0177_D_00.jpg
/Users/kr220/Documents/Projects/Qostanai_AgroTech_Hackathon_2026/case1/data/crops_wheat/patch_dji_DJI_20260609122641_0177_D_01.jpg,crop_wheat,unknown,dji_field_crops,dji_patch_DJI_20260609122641_0177_D,train,patch_dji_DJI_20260609122641_0177_D_01.jpg
/Users/kr220/Documents/Projects/Qostanai_AgroTech_Hackathon_2026/case1/data/crops_wheat/patch_dji_DJI_20260609122641_0177_D_02.jpg,crop_wheat,unknown,dji_field_crops,dji_patch_DJI_20260609122641_0177_D,test,patch_dji_DJI_20260609122641_0177_D_02.jpg
/Users/kr220/Documents/Projects/Qostanai_AgroTech_Hackathon_2026/case1/data/crops_wheat/patch_dji_DJI_20260609122641_0177_D_03.jpg,crop_wheat,unknown,dji_field_crops,dji_patch_DJI_20260609122641_0177_D,test,patch_dji_DJI_20260609122641_0177_D_03.jpg
/Users/kr220/Documents/Projects/Qostanai_AgroTech_Hackathon_2026/case1/data/crops_wheat/patch_dji_DJI_20260609122641_0177_D_04.jpg,crop_wheat,unknown,dji_field_crops,dji_patch_DJI_20260609122641_0177_D,train,patch_dji_DJI_20260609122641_0177_D_04.jpg
/Users/kr220/Documents/Projects/Qostanai_AgroTech_Hackathon_2026/case1/data/crops_wheat/patch_dji_DJI_20260609122641_0177_D_05.jpg,crop_wheat,unknown,dji_field_crops,dji_patch_DJI_20260609122641_0177_D,val,patch_dji_DJI_20260609122641_0177_D_05.jpg
/Users/kr220/Documents/Projects/Qostanai_AgroTech_Hackathon_2026/case1/data/crops_wheat/patch_dji_DJI_20260609122641_0177_D_06.jpg,crop_wheat,unknown,dji_field_crops,dji_patch_DJI_20260609122641_0177_D,train,patch_dji_DJI_20260609122641_0177_D_06.jpg
/Users/kr220/Documents/Projects/Qostanai_AgroTech_Hackathon_2026/case1/data/crops_wheat/patch_dji_DJI_20260609122641_0177_D_07.jpg,crop_wheat,unknown,dji_field_crops,dji_patch_DJI_20260609122641_0177_D,train,patch_dji_DJI_20260609122641_0177_D_07.jpg
/Users/kr220/Documents/Projects/Qostanai_AgroTech_Hackathon_2026/case1/data/crops_wheat/patch_dji_DJI_20260609122641_0177_D_08.jpg,crop_wheat,unknown,dji_field_crops,dji_patch_DJI_20260609122641_0177_D,test,patch_dji_DJI_20260609122641_0177_D_08.jpg
/Users/kr220/Documents/Projects/Qostanai_AgroTech_Hackathon_2026/case1/data/crops_wheat/patch_dji_DJI_20260609122641_0177_D_09.jpg,crop_wheat,unknown,dji_field_crops,dji_patch_DJI_20260609122641_0177_D,train,patch_dji_DJI_20260609122641_0177_D_09.jpg
/Users/kr220/Documents/Projects/Qostanai_AgroTech_Hackathon_2026/case1/data/crops_wheat/patch_dji_DJI_20260609122641_0177_D_10.jpg,crop_wheat,unknown,dji_field_crops,dji_patch_DJI_20260609122641_0177_D,val,patch_dji_DJI_20260609122641_0177_D_10.jpg
/Users/kr220/Documents/Projects/Qostanai_AgroTech_Hackathon_2026/case1/data/crops_wheat/patch_dji_DJI_20260609122641_0177_D_11.jpg,crop_wheat,unknown,dji_field_crops,dji_patch_DJI_20260609122641_0177_D,train,patch_dji_DJI_20260609122641_0177_D_11.jpg
/Users/kr220/Documents/Projects/Qostanai_AgroTech_Hackathon_2026/case1/data/crops_wheat/patch_dji_DJI_20260609122641_0177_D_12.jpg,crop_wheat,unknown,dji_field_crops,dji_patch_DJI_20260609122641_0177_D,train,patch_dji_DJI_20260609122641_0177_D_12.jpg
/Users/kr220/Documents/Projects/Qostanai_AgroTech_Hackathon_2026/case1/data/crops_wheat/patch_dji_DJI_20260609122641_0177_D_13.jpg,crop_wheat,unknown,dji_field_crops,dji_patch_DJI_20260609122641_0177_D,test,patch_dji_DJI_20260609122641_0177_D_13.jpg
/Users/kr220/Documents/Projects/Qostanai_AgroTech_Hackathon_2026/case1/data/crops_wheat/patch_dji_DJI_20260609122641_0177_D_14.jpg,crop_wheat,unknown,dji_field_crops,dji_patch_DJI_20260609122641_0177_D,train,patch_dji_DJI_20260609122641_0177_D_14.jpg
/Users/kr220/Documents/Projects/Qostanai_AgroTech_Hackathon_2026/case1/data/crops_wheat/patch_dji_DJI_20260609122641_0177_D_15.jpg,crop_wheat,unknown,dji_field_crops,dji_patch_DJI_20260609122641_0177_D,test,patch_dji_DJI_20260609122641_0177_D_15.jpg
/Users/kr220/Documents/Projects/Qostanai_AgroTech_Hackathon_2026/case1/data/crops_wheat/patch_dji_DJI_20260609122641_0177_D_16.jpg,crop_wheat,unknown,dji_field_crops,dji_patch_DJI_20260609122641_0177_D,train,patch_dji_DJI_20260609122641_0177_D_16.jpg
/Users/kr220/Documents/Projects/Qostanai_AgroTech_Hackathon_2026/case1/data/crops_wheat/patch_dji_DJI_20260609122641_0177_D_17.jpg,crop_wheat,unknown,dji_field_crops,dji_patch_DJI_20260609122641_0177_D,test,patch_dji_DJI_20260609122641_0177_D_17.jpg
/Users/kr220/Documents/Projects/Qostanai_AgroTech_Hackathon_2026/case1/data/crops_wheat/patch_dji_DJI_20260609122641_0177_D_18.jpg,crop_wheat,unknown,dji_field_crops,dji_patch_DJI_20260609122641_0177_D,val,patch_dji_DJI_20260609122641_0177_D_18.jpg
/Users/kr220/Documents/Projects/Qostanai_AgroTech_Hackathon_2026/case1/data/crops_wheat/patch_dji_DJI_20260609122641_0177_D_19.jpg,crop_wheat,unknown,dji_field_crops,dji_patch_DJI_20260609122641_0177_D,val,patch_dji_DJI_20260609122641_0177_D_19.jpg
/Users/kr220/Documents/Projects/Qostanai_AgroTech_Hackathon_2026/case1/data/crops_wheat/patch_dji_DJI_20260615115515_0164_D_00.jpg,crop_wheat,unknown,dji_field_crops,dji_patch_DJI_20260615115515_0164_D,test,patch_dji_DJI_20260615115515_0164_D_00.jpg
/Users/kr220/Documents/Projects/Qostanai_AgroTech_Hackathon_2026/case1/data/crops_wheat/patch_dji_DJI_20260615115515_0164_D_01.jpg,crop_wheat,unknown,dji_field_crops,dji_patch_DJI_20260615115515_0164_D,train,patch_dji_DJI_20260615115515_0164_D_01.jpg
/Users/kr220/Documents/Projects/Qostanai_AgroTech_Hackathon_2026/case1/data/crops_wheat/patch_dji_DJI_20260615115515_0164_D_02.jpg,crop_wheat,unknown,dji_field_crops,dji_patch_DJI_20260615115515_0164_D,test,patch_dji_DJI_20260615115515_0164_D_02.jpg
/Users/kr220/Documents/Projects/Qostanai_AgroTech_Hackathon_2026/case1/data/crops_wheat/patch_dji_DJI_20260615115515_0164_D_03.jpg,crop_wheat,unknown,dji_field_crops,dji_patch_DJI_20260615115515_0164_D,val,patch_dji_DJI_20260615115515_0164_D_03.jpg
/Users/kr220/Documents/Projects/Qostanai_AgroTech_Hackathon_2026/case1/data/crops_wheat/patch_dji_DJI_20260615115515_0164_D_04.jpg,crop_wheat,unknown,dji_field_crops,dji_patch_DJI_20260615115515_0164_D,train,patch_dji_DJI_20260615115515_0164_D_04.jpg
/Users/kr220/Documents/Projects/Qostanai_AgroTech_Hackathon_2026/case1/data/crops_wheat/patch_dji_DJI_20260615115515_0164_D_05.jpg,crop_wheat,unknown,dji_field_crops,dji_patch_DJI_20260615115515_0164_D,train,patch_dji_DJI_20260615115515_0164_D_05.jpg
/Users/kr220/Documents/Projects/Qostanai_AgroTech_Hackathon_2026/case1/data/crops_wheat/patch_dji_DJI_20260615115515_0164_D_06.jpg,crop_wheat,unknown,dji_field_crops,dji_patch_DJI_20260615115515_0164_D,train,patch_dji_DJI_20260615115515_0164_D_06.jpg
/Users/kr220/Documents/Projects/Qostanai_AgroTech_Hackathon_2026/case1/data/crops_wheat/patch_dji_DJI_20260615115515_0164_D_07.jpg,crop_wheat,unknown,dji_field_crops,dji_patch_DJI_20260615115515_0164_D,train,patch_dji_DJI_20260615115515_0164_D_07.jpg
/Users/kr220/Documents/Projects/Qostanai_AgroTech_Hackathon_2026/case1/data/crops_wheat/patch_dji_DJI_20260615115515_0164_D_08.jpg,crop_wheat,unknown,dji_field_crops,dji_patch_DJI_20260615115515_0164_D,train,patch_dji_DJI_20260615115515_0164_D_08.jpg
/Users/kr220/Documents/Projects/Qostanai_AgroTech_Hackathon_2026/case1/data/crops_wheat/patch_dji_DJI_20260615115515_0164_D_09.jpg,crop_wheat,unknown,dji_field_crops,dji_patch_DJI_20260615115515_0164_D,train,patch_dji_DJI_20260615115515_0164_D_09.jpg
/Users/kr220/Documents/Projects/Qostanai_AgroTech_Hackathon_2026/case1/data/crops_wheat/patch_dji_DJI_20260615115515_0164_D_10.jpg,crop_wheat,unknown,dji_field_crops,dji_patch_DJI_20260615115515_0164_D,train,patch_dji_DJI_20260615115515_0164_D_10.jpg
/Users/kr220/Documents/Projects/Qostanai_AgroTech_Hackathon_2026/case1/data/crops_wheat/patch_dji_DJI_20260615115515_0164_D_11.jpg,crop_wheat,unknown,dji_field_crops,dji_patch_DJI_20260615115515_0164_D,train,patch_dji_DJI_20260615115515_0164_D_11.jpg
/Users/kr220/Documents/Projects/Qostanai_AgroTech_Hackathon_2026/case1/data/crops_wheat/patch_dji_DJI_20260615115515_0164_D_12.jpg,crop_wheat,unknown,dji_field_crops,dji_patch_DJI_20260615115515_0164_D,train,patch_dji_DJI_20260615115515_0164_D_12.jpg
/Users/kr220/Documents/Projects/Qostanai_AgroTech_Hackathon_2026/case1/data/crops_wheat/patch_dji_DJI_20260615115515_0164_D_13.jpg,crop_wheat,unknown,dji_field_crops,dji_patch_DJI_20260615115515_0164_D,train,patch_dji_DJI_20260615115515_0164_D_13.jpg
/Users/kr220/Documents/Projects/Qostanai_AgroTech_Hackathon_2026/case1/data/crops_wheat/patch_dji_DJI_20260615115515_0164_D_14.jpg,crop_wheat,unknown,dji_field_crops,dji_patch_DJI_20260615115515_0164_D,val,patch_dji_DJI_20260615115515_0164_D_14.jpg
/Users/kr220/Documents/Projects/Qostanai_AgroTech_Hackathon_2026/case1/data/crops_wheat/patch_dji_DJI_20260615115515_0164_D_15.jpg,crop_wheat,unknown,dji_field_crops,dji_patch_DJI_20260615115515_0164_D,train,patch_dji_DJI_20260615115515_0164_D_15.jpg
/Users/kr220/Documents/Projects/Qostanai_AgroTech_Hackathon_2026/case1/data/crops_wheat/patch_dji_DJI_20260615115515_0164_D_16.jpg,crop_wheat,unknown,dji_field_crops,dji_patch_DJI_20260615115515_0164_D,train,patch_dji_DJI_20260615115515_0164_D_16.jpg
/Users/kr220/Documents/Projects/Qostanai_AgroTech_Hackathon_2026/case1/data/crops_wheat/patch_dji_DJI_20260615115515_0164_D_17.jpg,crop_wheat,unknown,dji_field_crops,dji_patch_DJI_20260615115515_0164_D,train,patch_dji_DJI_20260615115515_0164_D_17.jpg
/Users/kr220/Documents/Projects/Qostanai_AgroTech_Hackathon_2026/case1/data/crops_wheat/patch_dji_DJI_20260615115515_0164_D_18.jpg,crop_wheat,unknown,dji_field_crops,dji_patch_DJI_20260615115515_0164_D,train,patch_dji_DJI_20260615115515_0164_D_18.jpg
/Users/kr220/Documents/Projects/Qostanai_AgroTech_Hackathon_2026/case1/data/crops_wheat/patch_dji_DJI_20260615115515_0164_D_19.jpg,crop_wheat,unknown,dji_field_crops,dji_patch_DJI_20260615115515_0164_D,val,patch_dji_DJI_20260615115515_0164_D_19.jpg
/Users/kr220/Documents/Projects/Qostanai_AgroTech_Hackathon_2026/case1/data/crops_wheat/patch_dji_DJI_20260615134710_0347_D_00.jpg,crop_wheat,unknown,dji_field_crops,dji_patch_DJI_20260615134710_0347_D,train,patch_dji_DJI_20260615134710_0347_D_00.jpg
/Users/kr220/Documents/Projects/Qostanai_AgroTech_Hackathon_2026/case1/data/crops_wheat/patch_dji_DJI_20260615134710_0347_D_01.jpg,crop_wheat,unknown,dji_field_crops,dji_patch_DJI_20260615134710_0347_D,train,patch_dji_DJI_20260615134710_0347_D_01.jpg
/Users/kr220/Documents/Projects/Qostanai_AgroTech_Hackathon_2026/case1/data/crops_wheat/patch_dji_DJI_20260615134710_0347_D_02.jpg,crop_wheat,unknown,dji_field_crops,dji_patch_DJI_20260615134710_0347_D,train,patch_dji_DJI_20260615134710_0347_D_02.jpg
/Users/kr220/Documents/Projects/Qostanai_AgroTech_Hackathon_2026/case1/data/crops_wheat/patch_dji_DJI_20260615134710_0347_D_03.jpg,crop_wheat,unknown,dji_field_crops,dji_patch_DJI_20260615134710_0347_D,val,patch_dji_DJI_20260615134710_0347_D_03.jpg
/Users/kr220/Documents/Projects/Qostanai_AgroTech_Hackathon_2026/case1/data/crops_wheat/patch_dji_DJI_20260615134710_0347_D_04.jpg,crop_wheat,unknown,dji_field_crops,dji_patch_DJI_20260615134710_0347_D,train,patch_dji_DJI_20260615134710_0347_D_04.jpg
/Users/kr220/Documents/Projects/Qostanai_AgroTech_Hackathon_2026/case1/data/crops_wheat/patch_dji_DJI_20260615134710_0347_D_05.jpg,crop_wheat,unknown,dji_field_crops,dji_patch_DJI_20260615134710_0347_D,val,patch_dji_DJI_20260615134710_0347_D_05.jpg
/Users/kr220/Documents/Projects/Qostanai_AgroTech_Hackathon_2026/case1/data/crops_wheat/patch_dji_DJI_20260615134710_0347_D_06.jpg,crop_wheat,unknown,dji_field_crops,dji_patch_DJI_20260615134710_0347_D,train,patch_dji_DJI_20260615134710_0347_D_06.jpg
/Users/kr220/Documents/Projects/Qostanai_AgroTech_Hackathon_2026/case1/data/crops_wheat/patch_dji_DJI_20260615134710_0347_D_07.jpg,crop_wheat,unknown,dji_field_crops,dji_patch_DJI_20260615134710_0347_D,train,patch_dji_DJI_20260615134710_0347_D_07.jpg
/Users/kr220/Documents/Projects/Qostanai_AgroTech_Hackathon_2026/case1/data/crops_wheat/patch_dji_DJI_20260615134710_0347_D_08.jpg,crop_wheat,unknown,dji_field_crops,dji_patch_DJI_20260615134710_0347_D,train,patch_dji_DJI_20260615134710_0347_D_08.jpg
/Users/kr220/Documents/Projects/Qostanai_AgroTech_Hackathon_2026/case1/data/crops_wheat/patch_dji_DJI_20260615134710_0347_D_09.jpg,crop_wheat,unknown,dji_field_crops,dji_patch_DJI_20260615134710_0347_D,train,patch_dji_DJI_20260615134710_0347_D_09.jpg
/Users/kr220/Documents/Projects/Qostanai_AgroTech_Hackathon_2026/case1/data/crops_wheat/patch_dji_DJI_20260615134710_0347_D_10.jpg,crop_wheat,unknown,dji_field_crops,dji_patch_DJI_20260615134710_0347_D,train,patch_dji_DJI_20260615134710_0347_D_10.jpg
/Users/kr220/Documents/Projects/Qostanai_AgroTech_Hackathon_2026/case1/data/crops_wheat/patch_dji_DJI_20260615134710_0347_D_11.jpg,crop_wheat,unknown,dji_field_crops,dji_patch_DJI_20260615134710_0347_D,train,patch_dji_DJI_20260615134710_0347_D_11.jpg
/Users/kr220/Documents/Projects/Qostanai_AgroTech_Hackathon_2026/case1/data/crops_wheat/patch_dji_DJI_20260615134710_0347_D_12.jpg,crop_wheat,unknown,dji_field_crops,dji_patch_DJI_20260615134710_0347_D,train,patch_dji_DJI_20260615134710_0347_D_12.jpg
/Users/kr220/Documents/Projects/Qostanai_AgroTech_Hackathon_2026/case1/data/crops_wheat/patch_dji_DJI_20260615134710_0347_D_13.jpg,crop_wheat,unknown,dji_field_crops,dji_patch_DJI_20260615134710_0347_D,train,patch_dji_DJI_20260615134710_0347_D_13.jpg
/Users/kr220/Documents/Projects/Qostanai_AgroTech_Hackathon_2026/case1/data/crops_wheat/patch_dji_DJI_20260615134710_0347_D_14.jpg,crop_wheat,unknown,dji_field_crops,dji_patch_DJI_20260615134710_0347_D,val,patch_dji_DJI_20260615134710_0347_D_14.jpg
/Users/kr220/Documents/Projects/Qostanai_AgroTech_Hackathon_2026/case1/data/crops_wheat/patch_dji_DJI_20260615134710_0347_D_15.jpg,crop_wheat,unknown,dji_field_crops,dji_patch_DJI_20260615134710_0347_D,train,patch_dji_DJI_20260615134710_0347_D_15.jpg
/Users/kr220/Documents/Projects/Qostanai_AgroTech_Hackathon_2026/case1/data/crops_wheat/patch_dji_DJI_20260615134710_0347_D_16.jpg,crop_wheat,unknown,dji_field_crops,dji_patch_DJI_20260615134710_0347_D,train,patch_dji_DJI_20260615134710_0347_D_16.jpg
/Users/kr220/Documents/Projects/Qostanai_AgroTech_Hackathon_2026/case1/data/crops_wheat/patch_dji_DJI_20260615134710_0347_D_17.jpg,crop_wheat,unknown,dji_field_crops,dji_patch_DJI_20260615134710_0347_D,test,patch_dji_DJI_20260615134710_0347_D_17.jpg
/Users/kr220/Documents/Projects/Qostanai_AgroTech_Hackathon_2026/case1/data/crops_wheat/patch_dji_DJI_20260615134710_0347_D_18.jpg,crop_wheat,unknown,dji_field_crops,dji_patch_DJI_20260615134710_0347_D,train,patch_dji_DJI_20260615134710_0347_D_18.jpg
/Users/kr220/Documents/Projects/Qostanai_AgroTech_Hackathon_2026/case1/data/crops_wheat/patch_dji_DJI_20260615134710_0347_D_19.jpg,crop_wheat,unknown,dji_field_crops,dji_patch_DJI_20260615134710_0347_D,train,patch_dji_DJI_20260615134710_0347_D_19.jpg
